Company Name,Position Applied,Date,Resume Link,JobPost URL,Contact
eTeam,Java Full Stack Engineer,11/29/2025,https://docs.google.com/document/d/1Fc5QNfQF7OucHcNC6ufpjjuRSWnouirT5zo2OpQxorU/edit,,
Photon,Java Backend Developer,11/29/2025,https://docs.google.com/document/d/1ijHTQx0Xl4v8Gk3opGYbdDGzAFO4HA8CNbwpd6yzLOA/edit,,
PlayStation Global,Full Stack Software Engineer,12/01/2025,https://docs.google.com/document/d/1ulCzc7J_2Z9V3o-_Ms0VQv4I-mRSAYh1z8YB4o4b1tQ/edit,https://job-boards.greenhouse.io/sonyinteractiveentertainmentglobal/jobs/5654579004?gh_src=sgp49gfz4us,
CNH,Senior Software Engineer,12/01/2025,https://docs.google.com/document/d/18YIV6_cbNKkwgADAlCtiXsOnnJ2YgK69UYA7Xw04L8E/edit,https://join.cnh.com/job/Senior-Software-Engineer/2689-en_US,
Costco,Software Engineer - Digital Site Development,12/01/2025,https://docs.google.com/document/d/1YM9C3EJiz8vkjeBnJnS8rkOXxypg5wOMJuDIxXf3CbI/edit,https://phf.tbe.taleo.net/phf02/ats/careers/v2/viewRequisition?org=COSTCO&cws=41&rid=10312,
Comcast,Java Full Stack Developer,12/01/2025,https://docs.google.com/document/d/11dPLx3LJcOxO2bJqxH_ka5snBAvPhWT2YDCQxV0Ka3U/edit,https://mail.google.com/mail/u/2/#inbox/FMfcgzQdzcnFjMnQLJsmmbJrCncSXNGZ,
Uber,Software Engineer II (Operations Research),12/01/2025,https://docs.google.com/document/d/1RudLnnTZwx_550tKVhz_-YC0kpprKIHJeps_dM35I10/edit,https://www.uber.com/global/en/careers/list/151141/?iis=Job%20Board%20-%20Recruitment%20Marketing&iisn=&jClickId=160c1b31-bc4e-4aa9-9b9f-70be92017ad9,
Veeva Systems,Software Engineer,12/01/2025,https://docs.google.com/document/d/1vrPpsY87XO4zyO1a2SYQhJIE_rFCkqxZiOpCRZ_56yk/edit,https://careers.veeva.com/job/4d5dd1de-44d2-41ff-a8f2-1113a8e310ff/software-engineer-java-boston-ma/?lever-source=,
General Motors,Software Engineer,12/01/2025,https://docs.google.com/document/d/1H4mHgqT96VIdS-BV1eVMdfhEJWoK55hbKdUb5ScxPDY/edit,https://generalmotors.wd5.myworkdayjobs.com/en-GB/Careers_GM/job/Mountain-View-California-United-States-of-America/Software-Engineer---Early-Career_JR-202517310?source=,
CVS Health,Senior Software Development Engineer,12/01/2025,https://docs.google.com/document/d/1x8895bcN4654Pm2Rq2f1lQFXWeuDodeqpw_DteBtPMk/edit,https://jobs.cvshealth.com/us/en/job/CVSCHLUSR0758176EXTERNALENUS/Senior-Software-Development-Engineer-MyPBM?utm_source=&utm_medium=phenom-feeds,
Cognizant,Java Full-Stack Developer,12/01/2025,https://docs.google.com/document/d/1VKGFi5shR-LO4XYpZcrZijC15FF6tE-LN0v2Bg8VKhg/edit,https://careers.cognizant.com/global-en/jobs/00066443051/java-full-stack-developer/?source=JB-11500,
Gong.io,Backend Engineer,12/01/2025,https://docs.google.com/document/d/1wQlDEcKYiIjFTcViVchb5FWLMdFoEqi-jnh8A4F-GMs/edit,https://job-boards.greenhouse.io/gongio/jobs/4580076006?gh_src=fd070d216us,
"Intercontinental Exchange Holdings, Inc.",Senior Full Stack Developer,12/01/2025,https://docs.google.com/document/d/1vuk8lpv9JQaFQ765OLNPz-m0aMdkaDt07k6x36ufw6w/edit,https://careers.ice.com/jobs/11184?lang=en-us&iis,
Fidelity,Full Stack Engineer,12/02/2025,https://docs.google.com/document/d/1lDUmn7TZwOyymr-AZFLygxhZOjlBPf24TYfUnAE2Ehw/edit,https://www.fidelitytalentsource.com/job-search/179591/full-stack-engineer/?job-id=179591,
"Verdegard Administrators, LLC.",Software Engineer II,12/02/2025,https://docs.google.com/document/d/1lwv9b3GfBs27T4j9qCvXGglA41UuwiylOZp-ENxDNeo/edit,https://medimpact.wd5.myworkdayjobs.com/MedImpact/job/Tempe-AZ/Software-Engineer-II_JR102189?source=,
Baseball Enterprise,Software Engineer,12/02/2025,https://docs.google.com/document/d/1-zXuA9hNMbTZuqq3HHoU9mNmp4RA1MKBCDEqDbiZIXg/edit,https://www.mlb.com/careers/opportunities?gh_jid=7402793,
CME Group,Software Engineer III,12/02/2025,https://docs.google.com/document/d/1iPMKkb5wVZFvGxCy2nTxMwgjDvHVY2w8NY81kyvh6fs/edit,https://cmegroup.wd1.myworkdayjobs.com/cme_careers/job/Chicago---20-S-Wacker/Software-Engineer-III_33222-1?source,
Nasdaq,"Software Engineer, Sr Specialist",12/03/2025,https://docs.google.com/document/d/15T-xasjAc0cXVxdL0ITef-13QbuOmykUbQ_RF9zcDes/edit,https://nasdaq.wd1.myworkdayjobs.com/Global_External_Site/job/USA---Philadelphia---Pennsylvania/Software-Engineer--Sr-Specialist_R0024282,
Attentive,"Software Engineer I, Onsite Customer Growth",12/03/2025,https://docs.google.com/document/d/1EGraIPWZRyoLasgLbJHssE1Zum71ldpG9lKg-5fGpEY/edit,https://jobs.lever.co/attentive/4993e826-06df-48bc-b9c7-79ff70d4c21d,
First Citizens Bank,Front-End Engineer II,12/03/2025,https://docs.google.com/document/d/14K__vzCMww28p6WG5KWT2etISLqgsO90q6M6bHuHkhI/edit,https://jobs.firstcitizens.com/jobs/30913?lang=en-us&iis=Social+Media/Job+Boards&iisn=,
CVS Health,Software Development Engineer,12/03/2025,https://docs.google.com/document/d/1X_eR8m2cBhQ5Fgo5lDga8ZsTT5HU92-Vkewpo1ucdzw/edit,https://jobs.cvshealth.com/us/en/job/CVSCHLUSR0754321EXTERNALENUS/Software-Development-Engineer-Front-end-development?utm_source=&utm_medium=phenom-feeds,
"CO-US DuCharme, McMillen & Associates Inc",Software Engineer (Java),12/03/2025,https://docs.google.com/document/d/1lVnaQDL5EAjC0BkyH9kE7IwxEhwPBV3J5SHmazRjHBM/edit,https://dmainc.wd5.myworkdayjobs.com/DMA/job/Fort-Wayne-IN/Software-Engineer--Java-_REQ211?source=,
Qualtrics,Software Engineer II - DSX,12/03/2025,https://docs.google.com/document/d/1adH6WszUwL8xLnvLZx9JJn--tAeEDBkDDOcqOASKBNs/edit,https://www.qualtrics.com/careers/us/en/job/QUALUS7178945EXTERNALENUS/Software-Engineer-II-DSX?utm_source=&utm_medium=phenom-feeds&t=edd9906d1,
State Farm,Software Engineer,12/03/2025,https://docs.google.com/document/d/15niFnP8hs7aeGElSoQ_ko1GXRjBc_9N5L0lGWT6SRlM/edit,https://jobs.statefarm.com/main/jobs/42558?lang=en-us&iis=&iisn=,
"The Provident Search Group, Inc",Sr Java Developer,12/04/2025,https://docs.google.com/document/d/1CC1sCAp2pAH27bQvIdn6UtfVqpkyBpxu7HJLh7Mhqes/edit,https://jobs.smartrecruiters.com/TheProvidentSearchGroupInc/744000096699950-sr-java-developer,
SiriusXM,Senior Software Engineer,12/04/2025,https://docs.google.com/document/d/1h_EatmnOc1aOSqIAJlxeWepuBOx4l3j0OmX_piMRr1w/edit,https://careers.siriusxm.com/careers/jobs/17051?lang=en-us,
Snowflake,Software Engineer,12/04/2025,https://docs.google.com/document/d/1W-EfFPhlaiw9yTmp-OMx31hz6GHVUtHDGEo0hSOio5I/edit,https://careers.snowflake.com/us/en/job/SNCOUS9EBC70FA302643489B680868B74DF690EXTERNALENUS7BD17281DEA74701A0354814F45DC32D/Software-Engineer-Customer-Experience-Engineering?utm_source=Q2P9NP2NNP&utm_medium=phenom-feeds&gh_src=ed5543a62,
Snowflake,Software Engineer,12/04/2025,https://docs.google.com/document/d/1Xl3RlrAHWybvlPnTnCDKsf5N7LbAV6kQIocJhgXiVVo/edit,https://careers.snowflake.com/us/en/job/SNCOUS9EBC70FA302643489B680868B74DF690EXTERNALENUS7BD17281DEA74701A0354814F45DC32D/Software-Engineer-Customer-Experience-Engineering?utm_source=Q2P9NP2NNP&utm_medium=phenom-feeds&gh_src=ed5543a62,
Snowflake,Software Engineer - Customer Experience Engineering,12/04/2025,https://docs.google.com/document/d/14nCzFpZz-RRJ-jbp9WOIN4bpvWPLaJYJInHS0K7gq-A/edit,https://careers.snowflake.com/us/en/job/SNCOUS9EBC70FA302643489B680868B74DF690EXTERNALENUS7BD17281DEA74701A0354814F45DC32D/Software-Engineer-Customer-Experience-Engineering?utm_source=Q2P9NP2NNP&utm_medium=phenom-feeds&gh_src=ed5543a62,
Yahoo,Senior Software Engineer,12/04/2025,https://docs.google.com/document/d/1JQa2Q9rUnsL0DabOtE1PjgWDtBS-mpG7MaPu_Dy4LaE/edit,https://ouryahoo.wd5.myworkdayjobs.com/en-US/careers/job/United-States-of-America/Senior-Software-Engineer_JR0026440?source=,
Piper Companies,Java Engineer,12/04/2025,https://docs.google.com/document/d/1ygtzgAP2Gm1aplTaExL7Gw-TnN02KpHfMj6AXkk-IzI/edit,https://careers.pipercompanies.com/details/155727/java_engineer,
Esri,Java Software Engineer I,12/04/2025,https://docs.google.com/document/d/1oawcK1PMMO3SZ7MHGwkbso9j_6sYP9Dj2HC-asub05E/edit,https://www.esri.com/careers/4997266007?title=java-software-engineer-i&gh_src=e90f82c87us&gh_jid=4997266007,
LMI,Full-Stack Engineer,12/04/2025,https://docs.google.com/document/d/1Q9hZfIRyUVEq_vqWnWZTKoDF2aTzwAlu_NUe9tjm5rI/edit,https://careers-lmi.icims.com/jobs/13412/full-stack-engineer/job,
Garmin International,Software Engineer - Full Stack (Java/Angular),12/04/2025,https://docs.google.com/document/d/12NvXR0oqGWeIlIwN7DNnEIbkXyliKOwE0NIpPkv2AkA/edit,https://careers.garmin.com/jobs/17506?lang=en-us&iss=linkedin,
Fanatics Betting & Gaming,Software Engineer II,12/04/2025,https://docs.google.com/document/d/1nxPL3QVGrxw-0xS6yoZUvvE_OAHpZJ3_NrnX4ANlJC4/edit,https://fa-exki-saasfaprod1.fa.ocs.oraclecloud.com/hcmUI/CandidateExperience/en/sites/CX_1/job/25728?utm_medium=jobboard&utm_source=linkedin,
Fanatics,"Software Engineer II - Java, Kotlin, Kafka",12/04/2025,https://docs.google.com/document/d/1jQpJD5n5oVsadf1SW3MgRsBwGinXkAewZhdi3J5cfQg/edit,https://fa-exki-saasfaprod1.fa.ocs.oraclecloud.com/hcmUI/CandidateExperience/en/sites/CX_1/job/25728?utm_medium=jobboard&utm_source=linkedin,
CVS Health,Java Full Stack Development Engineer,12/04/2025,https://docs.google.com/document/d/1rEsjwRn1xWVDbCF0-u1VeW3bDxkc3gcAMskK0CqX5t0/edit,https://jobs.cvshealth.com/us/en/job/CVSCHLUSR0783123EXTERNALENUS/Java-Full-Stack-Development-Engineer?utm_source=Linkedin&utm_medium=phenom-feeds,
CVS Health,Java Full Stack Development Engineer,12/04/2025,https://docs.google.com/document/d/1joNzHhIqTyOHOM93kC7HKREnme7R_YJPLr2OvucGM9o/edit,https://jobs.cvshealth.com/us/en/job/CVSCHLUSR0783123EXTERNALENUS/Java-Full-Stack-Development-Engineer?utm_source=Linkedin&utm_medium=phenom-feeds,
CVS Health,Software Development Engineer,12/04/2025,https://docs.google.com/document/d/1_uZjFT6u4HLcIUrjR1vrzj9tGkBvVvDSVtWpdbAbTQ0/edit,https://jobs.cvshealth.com/us/en/job/R0754321/Software-Development-Engineer-Front-end-development,
CVS Health,Software Development Engineer,12/04/2025,https://docs.google.com/document/d/1hGziBc9Cl_2vVF2gI-2KhiO_HYqrgDEjc_dKNPZmCvY/edit,https://jobs.cvshealth.com/us/en/job/R0754321/Software-Development-Engineer-Front-end-development,
CVS Health,Software Development Engineer,12/04/2025,https://docs.google.com/document/d/14cQuI_PEwP4elu0usifNWc3HUPypNkFjUas9AcsCCWk/edit,https://jobs.cvshealth.com/us/en/job/R0754321/Software-Development-Engineer-Front-end-development,
CVS Health,Software Development Engineer,12/04/2025,https://docs.google.com/document/d/1Uw_4kbanXx3L452MyNKjx2f-rFDmTJzoNW1u41Sh7co/edit,https://cvshealth.wd1.myworkdayjobs.com/en-US/CVS_Health_Careers/job/TX---Richardson/Software-Development-Engineer---Front-end-development_R0754333,
State Street Global Market,"Software Engineering & Development, AVP",12/04/2025,https://docs.google.com/document/d/1p28MhGQhugD1WqC9GZBHZ3D95b_Kcgk-qIFOXMJVfbA/edit,https://statestreet.wd1.myworkdayjobs.com/Global/job/Boston-Massachusetts/Software-Engineering---Development--AVP_R-776870,
Tyler Technologies,Software Engineer,12/04/2025,https://docs.google.com/document/d/1cAxYrbZHsKLLUpyJzF3CGLuOck0FhTfHIPCb2l03kEI/edit,https://jobs.jobvite.com/tylertech/job/onD0yfwi,
Clear Street,Senior Software Engineer - Java Full Stack - Futures Engineering,12/04/2025,https://docs.google.com/document/d/1XaGlac0nes9p-l9jHrBes3IU1sWPbn78g81eggpxZeU/edit,https://job-boards.greenhouse.io/clearstreet/jobs/7125241,
Lennar,Software Engineer II,12/04/2025,https://docs.google.com/document/d/1zH6jtHrCUQaSzdMKSf_VqsFhv0jBZWgi2ZvHGKVkKWc/edit,https://careers.lennar.com/en-US/job/software-engineer-ii-fullstack-ai/J3R5J46FV5RQNC43WHW,
Symetra,Senior Software Engineer II,12/04/2025,https://docs.google.com/document/d/1DupvHxi0iJhph8c12EZjTSp56SVmjX74EpBsIQ2xvGo/edit,https://symetra.eightfold.ai/careers/job/446715534662,
HBO Max,Software Engineer II,12/04/2025,https://docs.google.com/document/d/1_dGXc7s_Nq5v_ZFyxqzYVUe2KvPzyXHfl69q6Z0FFf4/edit,https://careers.wbd.com/global/en/job/WAMEGLOBALR000094452EXTERNALENGLOBAL/Software-Engineer-II,
ServiceNow,Senior Software Engineer,12/05/2025,https://docs.google.com/document/d/1Vi5ZAbOuZoLlMFLQK2RmCSl3RX_Q2Zq5ZyuE0hVHxfE/edit,https://careers.servicenow.com/jobs/744000097130916/senior-software-engineer/?trid=2d92f286-613b-4daf-9dfa-6340ffbecf73,
ServiceNow,Senior Software Engineer,12/05/2025,https://docs.google.com/document/d/13wrajnv-uHI43BSbIAVftlqbi2_zevAwkV08exvQhwM/edit,https://careers.servicenow.com/jobs/744000097130916/senior-software-engineer/?trid=2d92f286-613b-4daf-9dfa-6340ffbecf73,
Netflix,Software Engineer 5,12/05/2025,https://docs.google.com/document/d/1opGCw8uRZd8QjPQPsZIOzN5pURv92b9bNb3QxirNGpw/edit,https://explore.jobs.netflix.net/careers/job/790313149672?microsite=netflix.com&utm_source=&domain=netflix.com,
American Express,Software Java Engineer,12/05/2025,https://docs.google.com/document/d/11N0u_gedzh7nUN89alwxxtdDKw9MOSeciaO57-35TSc/edit,https://aexp.eightfold.ai/careers/job/38966636?hl=en&utm_source=&domain=aexp.com,
FIS,Backend Software Engineer II,12/05/2025,https://docs.google.com/document/d/1TZsa54hZOawtJ8DdbUl1r871cS8xl_29kTIrj4C-3BY/edit,https://careers.fisglobal.com/us/en/job/FIGLUSJR0303001EXTERNAL/Backend-Software-Engineer-II?utm_source=&utm_medium=phenom-feeds,
AT&T,Senior Software Engineering,12/05/2025,https://docs.google.com/document/d/1I_V7xDhvjSYMcAGQ8xqA6TPfA5EDgkpHx-8sjP64c0w/edit,https://www.att.jobs/job/-/senior-software-engineering/117/89146546240,
GM,"Senior Software Engineer, Full-Stack",12/05/2025,https://docs.google.com/document/d/1ZivbRepYoe4Y43jhHqDH1NWfWeE3qrWnf1VUwxdK9qo/edit,https://generalmotors.wd5.myworkdayjobs.com/en-GB/Careers_GM/job/Warren-Michigan-United-States-of-America/Senior-Software-Engineer--Full-Stack_JR-202517756-1?source=,
1000 Gen Digital Inc.,Sr. Software Engineer,12/05/2025,https://docs.google.com/document/d/1SZOab-SOiSOIM5bwcOxpgEvc26G1l-M0fTj_KQZu94c/edit,https://gen.wd1.myworkdayjobs.com/careers/job/USA---California-Mountain-View/Princ-Software-Engineer_54001?codes=JB-&source=,
Bloomberg,Senior Software Engineer - Office Apps,12/05/2025,https://docs.google.com/document/d/1_Kj141fZ32dnCgZvpUzEDubIbEUQCU3Lt21Wwv5Xeh4/edit,https://bloomberg.avature.net/careers/JobDetail/Senior-Software-Engineer-Office-Apps/16169?utm_medium=recruitment&utm_content=jobreq&utm_source=&source=,
Bloomberg,Senior Software Engineer - Office Apps,12/05/2025,https://docs.google.com/document/d/1yng6zRVVhjuw4YOV7MuabOiG1yWRWwJuszvMpO1YDek/edit,https://bloomberg.avature.net/careers/JobDetail/Senior-Software-Engineer-Office-Apps/16169?utm_medium=recruitment&utm_content=jobreq&utm_source=&source=,
DraftKings,"Senior Software Engineer, Backend",12/05/2025,https://docs.google.com/document/d/12ynMJ4eTEiptXEKiTT5fhUsXlf3Yyn3aY4ih01u8hx8/edit,https://careers.draftkings.com/jobs/jr12926/senior-software-engineer-backend/,
National Information Solutions Cooperative (NISC),"Software Developer II - Full Stack (Angular, Java)",12/05/2025,https://docs.google.com/document/d/1FhM2vQ6_r1ju78Fpq68VYLrz3Qn4Bx9KAHk5v47185M/edit,https://job-boards.greenhouse.io/nisc/jobs/7445273?gh_src=kpbk87x81us,
Esri,Java Software Engineer II,12/05/2025,https://docs.google.com/document/d/1KcVfZWXgkNkmoSly0sigtVfcdq_ZvPE__AZ1Ncuzckc/edit,https://www.esri.com/careers/4998060007?title=java-software-engineer-ii&gh_src=e90f82c87us&gh_jid=4998060007,
Esri,Java Software Engineer II,12/05/2025,https://docs.google.com/document/d/1rclgycEiqegABgoB7ZE-yYRbcX6ZGIupdYoKEjpf0-4/edit,https://www.esri.com/careers/4998060007?title=java-software-engineer-ii&gh_src=e90f82c87us&gh_jid=4998060007,
John Deere,Software Engineer,12/05/2025,https://docs.google.com/document/d/119gnXpw9DlROUyWSqnriX_SzGaqoTpdP8ka771Euif8/edit,https://careers.deere.com/careers/job/137478114997?utm_source=&domain=johndeere.com,
U.S. Bank,Software Engineer 1 (JSON/Java/ Spring Boot),12/05/2025,https://docs.google.com/document/d/1H9xOYZtI6Iz_oDVys1aSrJ5ogz_HIfmqo8TdspGiz4Q/edit,https://careers.usbank.com/global/en/job/UBNAGLOBAL20250028718EXTERNALENGLOBAL/Software-Engineer-1-JSON-Java-Spring-Boot?utm_source=&utm_medium=phenom-feeds,
U.S. Bank,Software Engineer 1,12/05/2025,https://docs.google.com/document/d/142S4kPsznF6zqDMBdxRT1AsuTUjXkcOEMx3X99aMsxc/edit,https://careers.usbank.com/global/en/job/UBNAGLOBAL20250028718EXTERNALENGLOBAL/Software-Engineer-1-JSON-Java-Spring-Boot?utm_source=&utm_medium=phenom-feeds,
U.S. Bank,Software Engineer 1 (JSON/Java/ Spring Boot),12/05/2025,https://docs.google.com/document/d/19xKhQRF6Re2QkmzRQ2oKI1fWJX9NswhX1znEEPwCpcM/edit,https://careers.usbank.com/global/en/job/UBNAGLOBAL20250028718EXTERNALENGLOBAL/Software-Engineer-1-JSON-Java-Spring-Boot?utm_source=&utm_medium=phenom-feeds,
Solventum,Senior Software Engineer,12/05/2025,https://docs.google.com/document/d/1bhmxMOwEj8n-RN8LZ1CjVs84k0AK_zU5rH1bcQdPp80/edit,https://healthcare.wd1.myworkdayjobs.com/Search/job/US-Utah-Murray/Senior-Software-Engineer_R01125905?source=,
Solventum,Senior Software Engineer,12/05/2025,https://docs.google.com/document/d/1P-Ar4JYT-CU_rrNi7ezz5zD4L9tWIa5uuHQOX-eXMso/edit,https://healthcare.wd1.myworkdayjobs.com/Search/job/US-Utah-Murray/Senior-Software-Engineer_R01125905?source=,
"ShipBob, Inc.",Software Development Engineer II,12/05/2025,https://docs.google.com/document/d/14p7GZnFWr9c3bERwXKeHxVC9Mh_KPOF1G2vmB61xWyA/edit,https://job-boards.greenhouse.io/shipbobinc/jobs/4625384005?gh_src=c8a4fcd95us,
ShipBob,Software Development Engineer II,12/05/2025,https://docs.google.com/document/d/1bCeHB6WnfVIs3z-3J8HYxet_PBxqLqPx-Uokk2QqEDA/edit,https://job-boards.greenhouse.io/shipbobinc/jobs/4625384005?gh_src=c8a4fcd95us,
ShipBob,Software Development Engineer II,12/05/2025,https://docs.google.com/document/d/1awdAGjmWIu5yJUkX9RqvgJ3WmUj11sGmyLGqeVwZAYc/edit,https://job-boards.greenhouse.io/shipbobinc/jobs/4625384005?gh_src=c8a4fcd95us,
Genesys,Senior Software Engineer,12/05/2025,https://docs.google.com/document/d/1wMrw8jJ6I9zDXfUQcnPqucVHXso510jEIiO5_WHrW3I/edit,https://genesys.wd1.myworkdayjobs.com/Genesys/job/Indianapolis-IN/Senior-Software-Engineer_JR109057-2?source=Linkedin1,
Genesys,Senior Software Engineer,12/05/2025,https://docs.google.com/document/d/1qB-rAdxzn4xWU59i-bVcznBpcRFxYcENYhZGRyjmM1A/edit,https://genesys.wd1.myworkdayjobs.com/Genesys/job/Indianapolis-IN/Senior-Software-Engineer_JR109057-2?source=Linkedin1,
Genesys,Senior Software Engineer,12/05/2025,https://docs.google.com/document/d/1Q--9rXdesh3jhBImF9skGg2kDqr6P5Bnk4YS9ts3Eow/edit,https://genesys.wd1.myworkdayjobs.com/Genesys/job/Indianapolis-IN/Senior-Software-Engineer_JR109057-2?source=Linkedin1,
Genesys,Senior Software Engineer,12/05/2025,https://docs.google.com/document/d/1cBP0qrEqw0vlaiGbsFO48RnR6g3e17eGP36DbMx9zlc/edit,https://genesys.wd1.myworkdayjobs.com/Genesys/job/Indianapolis-IN/Senior-Software-Engineer_JR109057-2?source=Linkedin1,
"8100 United States - Genesys Cloud Services, Inc.",Senior Software Engineer,12/05/2025,https://docs.google.com/document/d/1SEBntK7SNBbcEqpvwVk9zDCYtC-bFcvMcj951c1U7rY/edit,https://genesys.wd1.myworkdayjobs.com/Genesys/job/Indianapolis-IN/Senior-Software-Engineer_JR109057-2?source=Linkedin1,
"8100 United States - Genesys Cloud Services, Inc.",Senior Software Engineer,12/05/2025,https://docs.google.com/document/d/10cGC9JoSSAV2JndKIRI3tTZ62W_yu0A6YLybyMmIagY/edit,https://genesys.wd1.myworkdayjobs.com/Genesys/job/Indianapolis-IN/Senior-Software-Engineer_JR109057-2?source=Linkedin1,
"8100 United States - Genesys Cloud Services, Inc.",Senior Software Engineer,12/05/2025,https://docs.google.com/document/d/1wNfErCMj_zXRJwIv2hZZlUYo4rkIE6RBzlCD4-yUrZA/edit,https://genesys.wd1.myworkdayjobs.com/Genesys/job/Indianapolis-IN/Senior-Software-Engineer_JR109057-2?source=Linkedin1,
"8100 United States - Genesys Cloud Services, Inc.",Senior Software Engineer,12/05/2025,https://docs.google.com/document/d/1AK_Itiy8eMo8Kcb8_VKQUNNdtVF5FHrXcimTTHxenuE/edit,https://genesys.wd1.myworkdayjobs.com/Genesys/job/Indianapolis-IN/Senior-Software-Engineer_JR109057-2?source=Linkedin1,
Genesys,Senior Software Engineer,12/05/2025,https://docs.google.com/document/d/1Ru7Fp6bx9iCiemmKqNIpVGfcd-mV5V2kabuNfEu8n6o/edit,https://genesys.wd1.myworkdayjobs.com/Genesys/job/Indianapolis-IN/Senior-Software-Engineer_JR109057-2?source=Linkedin1,
Genesys,Senior Software Engineer,12/05/2025,https://docs.google.com/document/d/1D0vaLIesApepSXtiwkaq6tNqrQ-pEuBttfXVbr4qd2Y/edit,https://genesys.wd1.myworkdayjobs.com/Genesys/job/Indianapolis-IN/Senior-Software-Engineer_JR109057-2?source=Linkedin1,
Genesys,Senior Software Engineer,12/05/2025,https://docs.google.com/document/d/1TbYkeJOiozhunaDNk2NxWF8jGiKBLhqQeT63QND-x7E/edit,https://genesys.wd1.myworkdayjobs.com/Genesys/job/Indianapolis-IN/Senior-Software-Engineer_JR109057-2?source=Linkedin1,
Genesys,Senior Software Engineer,12/05/2025,https://docs.google.com/document/d/16ZAF7yBUeq9fqCGyur1IbOBycOQVJDBgHQE5oEX0f08/edit,https://genesys.wd1.myworkdayjobs.com/Genesys/job/Indianapolis-IN/Senior-Software-Engineer_JR109057-2?source=Linkedin1,
Genesys,Senior Software Engineer,12/05/2025,https://docs.google.com/document/d/1R0hScacUVqQ35X5jj4Xh4yOgZDdFt_veYC0GEurfahY/edit,https://genesys.wd1.myworkdayjobs.com/Genesys/job/Indianapolis-IN/Senior-Software-Engineer_JR109057-2?source=Linkedin1,
Snowflake,Senior Software Engineer- Open Source Analytics,12/05/2025,https://docs.google.com/document/d/1MiYzpIp531nAx7AaI9eaqYh8MrrCQDsiDK0xfoSwaTA/edit,https://careers.snowflake.com/us/en/job/SNCOUSED6013B219164309B66F1FC6FA916AB0EXTERNALENUSB77B3B891FD1474FA642AF0C41B43A3B/Senior-Software-Engineer-Open-Source-Analytics?utm_source=Q2P9NP2NNP&utm_medium=phenom-feeds&gh_src=ed5543a62,
Snowflake,Senior Software Engineer- Open Source Analytics,12/05/2025,https://docs.google.com/document/d/1Gk8Wx5G5D-KmQfLUKJVdqZ56nuYiILbE6XoySYnv5fg/edit,https://careers.snowflake.com/us/en/job/SNCOUSED6013B219164309B66F1FC6FA916AB0EXTERNALENUSB77B3B891FD1474FA642AF0C41B43A3B/Senior-Software-Engineer-Open-Source-Analytics?utm_source=Q2P9NP2NNP&utm_medium=phenom-feeds&gh_src=ed5543a62,
Snowflake,Senior Software Engineer- Open Source Analytics,12/05/2025,https://docs.google.com/document/d/1akco2Ro2nSxFEnf_MRyILmnGe0A88I4O4ioFjBC3Lck/edit,https://careers.snowflake.com/us/en/job/SNCOUSED6013B219164309B66F1FC6FA916AB0EXTERNALENUSB77B3B891FD1474FA642AF0C41B43A3B/Senior-Software-Engineer-Open-Source-Analytics?utm_source=Q2P9NP2NNP&utm_medium=phenom-feeds&gh_src=ed5543a62,
Clarivate,Senior Software Engineer (Java & C),12/05/2025,https://docs.google.com/document/d/1xQVuZwbOtBSsOCTFrlsSeCIbHTFaKgbOx5Kw8fxKdfU/edit,https://careers.clarivate.com/job/CLACLAGBJREQ134193EXTERNALENGB/Senior-Software-Engineer-Java-C?utm_source=,
Goldman Sachs,"Software Engineer, Transaction Banking, Analyst/Associate",12/06/2025,https://docs.google.com/document/d/1CH37o5G-9JofbogdV2iFEJMFDOrNQfExDtkZ_rqyHXA/edit,https://higher.gs.com/roles/151560,
Goldman Sachs,"Software Engineer, Transaction Banking, Analyst/Associate",12/06/2025,https://docs.google.com/document/d/13CGnGDHPS_dj4j8e804zbRxke6MITEF5rUC3UJRIvZI/edit,https://higher.gs.com/roles/151560,
Turo,"Senior Software Engineer, API",12/06/2025,https://docs.google.com/document/d/1xE5XGcaIoU6ddCFgapO68RrkaOtlz0NbDj2UPJEkbvQ/edit,https://turo.wd12.myworkdayjobs.com/en-US/Turo_careers/job/San-Francisco/Senior-Software-Engineer--API_R-102327-1,
Valzo Soft Solutions,Java Web Developer,12/06/2025,https://docs.google.com/document/d/1scgU1WfPxiN3OCEQ6QnaJWnIglq4vhCfpVdqMaSRdaI/edit,https://www.linkedin.com/jobs/search-results/?currentJobId=4342446295&distance=25&eBP=CwEAAAGa9Dn4B7EvlK239oTeLXkDPf1GwslBjD3Jd7qBq9zuzCEH4dBZBryzclSbdDwk8EVJi2n4RzqEjv3EMW6wOCaec3XN3vucN0rGmpLvTIr_Qm98kZHUU7-npg-NPtQIPfsBqg09TMvB2Gt1JduTMLangNPL8NoS4bYJpQo7V8EtspPz-Kr-z9WFR2vzPD7ZSsbmjrBWo8J84XM_8NaVW6hJzFiVBAbjJCI9cxxVi3HOGQ9xnrDKqflUzu8xi0Si3k-4qFqgqkI8JjrJfRptdcnoTG_biS3DVQUytDKodhuQ1ret0a_-9aVgTo5DWUHEM1fVM71uobbwjCwNvIsFwNPtuq8PD5ulcTd9aAkBxJwNbHVFSfWQfetZSBob5AX2nZxNVewTV5tXhvOYAzDfLzCBOmu_UB_GCLe1U5KkJIrenQV5TI5RM4JLPIU70VBuAEOAobcml60Qk_EIO3XE9Kgz8xoZ06mJKXIc7eQ_jDqFLJxnSLlMCTva9RhAPtXeI0k7EYM&f_AL=true&f_TPR=r3400&geoId=103644278&keywords=(%22Backend%20Engineer%22%20OR%20%22Java%20Engineer%22%20OR%20%22Software%20Engineer%22)%20AND%20(%22Spring%20Boot%22%20OR%20Microservices%20OR%20Kafka%20OR%20Redis%20OR%20JPA%20OR%20Hibernate)%20AND%20(%22Distributed%20Systems%22%20OR%20%22Cloud%22%20OR%20AWS%20OR%20Kubernetes)&origin=SEMANTIC_SEARCH_HISTORY&refId=bvIXsrInj3yJ4ecX%2Fg3UNg%3D%3D&trackingId=sH%2FCYU0O25KG773aKwcNnw%3D%3D,
{:companyName},Software Developer,12/06/2025,https://docs.google.com/document/d/1MNRhoYtRJv4S2igXQOdH2LUsoDRVM1tiq1VFxBDwASs/edit,https://www.linkedin.com/jobs/search-results/?currentJobId=4348587359&distance=25&eBP=NOT_ELIGIBLE_FOR_CHARGING&f_AL=true&f_EA=true&f_TPR=r3400&geoId=103644278&keywords=(%22Backend%20Engineer%22%20OR%20%22Java%20Engineer%22%20OR%20%22Software%20Engineer%22)%20AND%20(%22Spring%20Boot%22%20OR%20Microservices%20OR%20Kafka%20OR%20Redis%20OR%20JPA%20OR%20Hibernate)%20AND%20(%22Distributed%20Systems%22%20OR%20%22Cloud%22%20OR%20AWS%20OR%20Kubernetes)&origin=SEMANTIC_SEARCH_HISTORY&refId=JuCPbOpFcFF%2FNEEwmQI4OA%3D%3D&trackingId=edscSDAEXYyJDmgdt6aOhw%3D%3D,
CyberCoders,Software Engineer Backend,12/06/2025,https://docs.google.com/document/d/1pN3K-Sb9oNKeVCrpw1erGzMy7HKwyPF-S2sNlYHKY28/edit,Manual Input,
Disney Entertainment and ESPN Product & Technology,Software Engineer II - Java Backend,12/07/2025,https://docs.google.com/document/d/1ynphIT9leq9NwdCbARRE4lyItb6KK-2jVacEeHk_BE4/edit,Manual Input,
Disney Entertainment and ESPN Product & Technology,Software Engineer II - Java Backend,12/07/2025,https://docs.google.com/document/d/1NS2-SwWZP-WXtjXPC__X4T5Isgk_0Byxzd-GbkpUjsQ/edit,Manual Input,
Disney Entertainment and ESPN Product & Technology,Software Engineer II - Java Backend,12/07/2025,https://docs.google.com/document/d/1YJHsPB3m47CVZ5Xmr-aXgJpMqrIHi2w6s2U3j_pI-Qs/edit,Manual Input,
Disney Entertainment and ESPN Product & Technology,Software Engineer II - Java Backend,12/07/2025,https://docs.google.com/document/d/1CHOSpXPDPDhrB9L9n25QWswZzOOOUOONrnDsMKvHpQ8/edit,Manual Input,
Disney Entertainment and ESPN Product & Technology,Software Engineer II - Java Backend,12/07/2025,https://docs.google.com/document/d/1dRYwSUnfTRQhAj178dn2y3u354TKjQQAfa4xeVCj5FE/edit,Manual Input,
Disney Entertainment and ESPN Product & Technology,Software Engineer II - Java Backend,12/07/2025,https://docs.google.com/document/d/1Sx2vECfQaO3-wTwJ3UmqnU1pAG6Hob0aV2GmYKBEQEA/edit,Manual Input,
MetLife,Software Engineer II,12/08/2025,https://docs.google.com/document/d/1wO8dtBh1TJB6vqyV9YTmGir7GA0EFD72kcwNs-ntLMg/edit,https://www.metlifecareers.com/en_US/ml/JobDetail/Software-Engineer-II-Full-Stack/13820?&utm_source=&utm_medium=job_posting&utm_campaign=2016_media_gta&utm_content=&utm_term=,
N/A,N/A,12/08/2025,https://docs.google.com/document/d/1FThDLruSF8C2ckeKFpM-hGKCL_jPDmUpwdMp2PqsRBE/edit,https://sonataone.darwinbox.in/ms/candidate/careers/a692c2a1ea54e7,
Uline,Senior Software Developer - Java,12/08/2025,https://docs.google.com/document/d/15rBeRKsanUzkj3wlL5Shrs1qzixtn9a1zI1rTr-uReE/edit,Manual Input,
HealthStream,Software Developer,12/08/2025,https://docs.google.com/document/d/1Hymhbf1x2G161_uOZ0bjQ2A81pplMtPeTuldJ0v_vPM/edit,Manual Input,
Esri,Sr. Software Development Engineer - Java/Scala,12/08/2025,https://docs.google.com/document/d/10oOJlASPMJ8POY8gnS2u7T-wpvHTExOTl4WwiNN2r2Y/edit,https://www.esri.com/careers/4999539007?title=senior-software-development-engineer-java-scala&gh_src=e90f82c87us&gh_jid=4999539007,
TGW Logistics Group,Software Engineer I,12/08/2025,https://docs.google.com/document/d/1Tzrw1seFwnpwrAIayFHsIuC9fF09AyWjkmc2GoRXj60/edit,https://tgw-logistics-group.breezy.hr/p/b6d7d8c4c429-software-engineer-i?state=published&src=,
Pariveda,Software Engineer,12/08/2025,https://docs.google.com/document/d/15zuny1Ui-wECfWG6NbAVnGvJ6Y-nbollYj81vkG2FaE/edit,Manual Input,
Tesla,"Backend Software Engineer, Account Master",12/08/2025,https://docs.google.com/document/d/15BCZtVE3nwp3ZCspbqGG5rih7MFzyEaqYLsn724Uik8/edit,Manual Input,
[company],N/A,12/08/2025,https://docs.google.com/document/d/1YEOPALADcBSwIrcFf-qg0W4z0Mq2F_-SjYRIpy-kAuM/edit,https://ejhp.fa.us6.oraclecloud.com/hcmUI/CandidateExperience/en/sites/CX_2/job/2544183?utm_medium=jobshare,
N/A,N/A,12/08/2025,https://docs.google.com/document/d/1LHhw34sS52qD6IOwmuINVqNTcPWdBaDBcsYEcV6X-tc/edit,https://delta.avature.net/en_US/careers/JobDetail?jobId=30721#/,
"Franklin Templeton Companies, LLC",Software Engineer,12/08/2025,https://docs.google.com/document/d/1c9Ziv1oYKJGKR2zfLzYZ_FIq3-yI0msOVy2ObS0Hcl4/edit,https://franklintempleton.wd5.myworkdayjobs.com/en-US/Primary-External-1/job/Stamford-Connecticut-United-States-of-America/Software-Engineer_865703?src=JB-10760,
Wissen,Senior Java Engineer,12/08/2025,https://docs.google.com/document/d/1CGgRdcdBKQ1JtpAtT10YjxRoqTzFQrPNEwOP8VV1wYg/edit,Manual Input,
Disney Entertainment and ESPN Product & Technology,Software Engineer II - Java Backend,12/08/2025,https://docs.google.com/document/d/1arZxCelz1FNNk49bUIggSLBgUROWE7j0vo5t7ncojs0/edit,Manual Input,
IMC,Software Engineer,12/08/2025,https://docs.google.com/document/d/1IlXWHpwXdrrIG7xzdmLCb2jaWhkMH68jxw3cpGtokos/edit,https://job-boards.eu.greenhouse.io/imc/jobs/4704842101?gh_src=aee47bb2teu,
Garmin,Senior Software Engineer,12/08/2025,https://docs.google.com/document/d/1_6hfK5M7kJg9MLt80VcEeRULISlQ5MjX3Z45dC_fMj0/edit,Manual Input,
Disney Entertainment and ESPN Product & Technology,Software Engineer I,12/08/2025,https://docs.google.com/document/d/18SHd_k3pBAILzLxaOgocjRvTpZeZK-r_Dec7T070h_Q/edit,Manual Input,
Not specified,Senior Java Developer w/ Azure Microservices Architect,12/08/2025,https://docs.google.com/document/d/1-7yQMVORlVzB8A30Ilu5LeIVARr8emPBi1m52Rg1gk0/edit,Manual Input,
American Express,Software Engineer (Java),12/08/2025,https://docs.google.com/document/d/1QWLz87pl3kubWskUHrj08Glohy_SDRFeRGobYDSeQcw/edit,Manual Input,
"AMN Healthcare, Inc.",Sr. Software Engineer,12/08/2025,https://docs.google.com/document/d/1VOuFjaHfDf_s3UCinPMUG5h56QqScDkaJDASWhPguGc/edit,https://amn.wd1.myworkdayjobs.com/en-US/AMN_Careers/job/Dallas-TX/Sr-Software-Engineer_Req23081,
"ModivCare Solutions, LLC",Backend Software Engineer III,12/08/2025,https://docs.google.com/document/d/1AsV51uJ40ZxjuGtqyWwfjXGM5vBaivyr-I3sZslxRjo/edit,https://modivcare.wd1.myworkdayjobs.com/careers/job/Remote/Backend-Software-Engineer-III_JR103283?source=LinkedIn,
Visa,Sr. SW Engineer,12/08/2025,https://docs.google.com/document/d/17765FbkcgY0db8iHRKVLcrv1iWym0UEzxBDFMwWqCk4/edit,Manual Input,
"The Vanguard Group, Inc.",Application Engineer - II,12/08/2025,https://docs.google.com/document/d/10d3dRVu0_4BYFj5y2qWhZCBvR1iKflt4R4wxVV-Od9c/edit,https://vanguard.wd5.myworkdayjobs.com/en-US/vanguard_external/job/Wayne-PA/Application-Engineer---II_172707?source,
Acuity Insurance,Analytics Data Developer - Strategic Analytics,12/08/2025,https://docs.google.com/document/d/1Dv7UUCC6jr7Pl9BKmFCWZqWI3qyLinw-Bu18QnhIbfw/edit,https://recruiting2.ultipro.com/HER1001ACFIN/JobBoard/ab33798a-3521-417b-8db8-a8e435c475fa/OpportunityDetail?opportunityId=c08559d1-1a51-47db-8dfe-b1f1fee009d9&postingId=d1329591-ea00-4148-9a0f-ffa65f1a9fec,
CH7 Kidde Safety & Badger,Software Engineer,12/08/2025,https://docs.google.com/document/d/1lxIm6UqjbKRwQ7jMbtkQ4NP5sUcJLoAC7DUAS8koG5I/edit,https://carrier.wd5.myworkdayjobs.com/kgs_jobs/job/CABRA-Bradenton-Florida-8985-Town-Center-Parkway-Bradenton-FL-34202-USA/Software-Engineer_30191444?source=LinkedIn,
ITW Welding,Web Developer,12/08/2025,https://docs.google.com/document/d/10arAI63OEDZ5Hrol6hMxZzUlgs_Dklnrcpc_-FfOGZU/edit,https://itw.wd5.myworkdayjobs.com/External/job/Appleton-1635-W-Spencer/Web-Developer_JR5561,
Patrick Industries,Web Developer,12/08/2025,https://docs.google.com/document/d/1W-Ror1caZRRlC5LSSYbFL5ecUA0n_PK5TBx9sMAED6g/edit,https://careers.patrickind.com/job/Elkhart-Web-Developer-Indi-46516/1348031200/,
N/A,N/A,12/08/2025,https://docs.google.com/document/d/1IK9GZRa5FjmhWsvO_VmUr31b3IeylEVC5REeIF8apQ0/edit,https://myjobs.adp.com/claritevcareers/cx/job-details?__tx_annotation=false&rb=LINKEDIN&reqId=5001138538806,
.Monks,Full Stack Engineer,12/08/2025,https://docs.google.com/document/d/1h_ZXVj0Nape5CjAI_hh5op_XOzQ2EquLgP5k12CQvYM/edit,Manual Input,
Investment Banking Client,Principal Oracle PL/SQL Developer,12/08/2025,https://docs.google.com/document/d/1DUAxG1YwOfoG-Gp2xhrQPjyBrEG0vZatQ0Rs7TybZrM/edit,Manual Input,
Duolingo,Senior Software Engineer,12/09/2025,https://docs.google.com/document/d/1GxcKIW4rIUOvcKBFSF6ZKnzqZkLCpWnkshlz2HFckBg/edit,Manual Input,
Ascension,Sr. Software Engineer - Full Stack,12/09/2025,https://docs.google.com/document/d/1p9jG7lTeNWfPa4Ieozi5BbN33CcWjcAl1764wq9G-Ek/edit,Manual Input,
ServiceNow,Software Engineer,12/09/2025,https://docs.google.com/document/d/1uxXV5v0wPGgj8jen49j7Ur1BdtWV0gCpVpjeHUtfptw/edit,Manual Input,
CVS Health,Software Development Engineer (Full Stack Java/ Cloud),12/09/2025,https://docs.google.com/document/d/1BTWrQDQjGzaSYsgB_FExemy8Ka30cbjLyZClZMZ8FcE/edit,https://jobs.cvshealth.com/us/en/job/CVSCHLUSR0736629EXTERNALENUS/Software-Development-Engineer-Full-Stack-Java-Cloud,
Evolent Health LLC,Software Engineer - Backend,12/09/2025,https://docs.google.com/document/d/1qOp3C0Ff1ctcxlaXPW2PyW8AXJ1Ngxyzqfiv2ZVFFPs/edit,https://evolent.wd1.myworkdayjobs.com/External/job/Work-at-Home/Software-Engineer---Backend_JR-914976,
OPENLANE,Software Engineer (Java),12/09/2025,https://docs.google.com/document/d/11C9HOFw478tfYONByK5oU8iXD-O3aXHnrrwmSm89FuQ/edit,Manual Input,
Barclays,Junior Java Backend Developer,12/09/2025,https://docs.google.com/document/d/1sMXFAiqo4qZHlv0TGtHBpifZ4D2gB9aKrzPTT8h-sUE/edit,Manual Input,
Piper Companies,Java Developer,12/09/2025,https://docs.google.com/document/d/1SpnQbSeEcXWZXO5TEzm2G8l5e2NdqWXFfK-3jCuUnGQ/edit,https://careers.pipercompanies.com/details/155976/java_developer,
CVS Health,Full Stack Java Development Engineer,12/09/2025,https://docs.google.com/document/d/112c0u7QiYptFelISwGvOt6rOIKQIHDGYE9V5VgTxj3A/edit,Manual Input,
Cox Automotive,Software Engineer I,12/09/2025,https://docs.google.com/document/d/14CSk1Z2dD9lxQDRcMEcMB4MwNA3mKq4xoRWvDdEOoOo/edit,Manual Input,
Slalom,Java Data Engineer,12/09/2025,https://docs.google.com/document/d/19fTqn4EceoEboArQNPD6V82twa2Txi_DhfkIk_D21ng/edit,Manual Input,
Internet Brands,Senior Full Stack AI Engineer,12/09/2025,https://docs.google.com/document/d/13uhkuz3nyfWXMzah414u8od8Vk0tLk2IiThWAVlT9wA/edit,https://jobs.jobvite.com/careers/internetbrands/job/oh8UyfwB?__jvst=Job%20Board&__jvsd,
Uber Freight,Software Engineer III,12/09/2025,https://docs.google.com/document/d/1s_PpMr1hJ_T4kVWZJGKYyenzzoVXbAbYiblRBniHhL0/edit,Manual Input,
Merril Lynch,Full Stack Developer,12/09/2025,https://docs.google.com/document/d/1OeJWqJoW50K9beCLqNz16ei4LuqVo1OnBC7ncU0wEr0/edit,Manual Input,
Ricoh USA,Java Full Stack Developer,12/10/2025,https://docs.google.com/document/d/1kgLyjsJDh6oQgIVsrxeNfO-OaQveMvUPE_4EqC5PbnY/edit,Manual Input,
N/A,N/A,12/10/2025,https://docs.google.com/document/d/1GGchQSI68VcQqjczGhS79oknky_Sm4Z9c2Q8UV70S8k/edit,https://www.marketaxess.com/careers/current-openings/detail/jobs/4607998006?gh_jid=4607998006&gh_src=75b06e236us#application,
Garmin International,Software Engineer 1,12/10/2025,https://docs.google.com/document/d/1bJ4TlEGcNFyaS0S6JZneETxaljFV_lnrRX5N1G0i01c/edit,Manual Input,
"Moody's Analytics, Inc.",Software Engineer,12/10/2025,https://docs.google.com/document/d/1yyYvayLWq5kilO17p-0C5Xws5LcqMNaC2yMRZ42NGJM/edit,https://careers.moodys.com/software-engineer/job/11878?utm_source=&jobPipeline=,
Nike,Software Engineer I - NSRL,12/10/2025,https://docs.google.com/document/d/1jnSggdRQBcVztPBVScHyusgZHPVPAm59aNAzcq0dSIo/edit,https://careers.nike.com/software-engineer-i-nsrl/job/R-75893?source=&utm_source=,
General Motors LLC,Software Engineer,12/10/2025,https://docs.google.com/document/d/1PGyKAwV_w1lsqYNQnrynFkXmXXihgsG0tfSbAMSMzq0/edit,https://generalmotors.wd5.myworkdayjobs.com/en-GB/Careers_GM/job/Warren-Michigan-United-States-of-America/Software-Engineer_JR-202523726-1?source=,
"Copart, Inc.",Software Engineer,12/10/2025,https://docs.google.com/document/d/13zc3PKIQgeOs_JJDbXbwfCnfsBbI8iZR84BOxNwWriM/edit,Manual Input,
Newfront,Software Engineer,12/10/2025,https://docs.google.com/document/d/18xUKAYcDkpE4AmkKylbddurxspF8NAx7r5H5SlcImt8/edit,Manual Input,
Pariveda,Software Engineer,12/10/2025,https://docs.google.com/document/d/1QNtkqjLyUXaLg1DDXo4LaS4_Q72zcMqB7oz4FCqrplA/edit,Manual Input,
Lowe's,Software Engineer,12/10/2025,https://docs.google.com/document/d/1EBA2X9wq1szjwlFeKC1CIL2oZobZEJhExMCu9Av2cng/edit,Manual Input,
Capital One,"Senior Software Engineer, Front End ( React/ Angular)",12/10/2025,https://docs.google.com/document/d/1b5zVlZ2jLvszyKfYGN6PiAb6dYcqsb8R8s6q_khEqIo/edit,Manual Input,
Lumeris,Software Engineer,12/11/2025,https://docs.google.com/document/d/1HsZKgtwZGMwIfE7TH4VwzG6Ea0XaH4KbWKtka2UHcjs/edit,Manual Input,
Lumeris,Software Engineer,12/11/2025,https://docs.google.com/document/d/1DAKSlYN0X99gnivkGMnkX8w8VsH0WVxOpKT7ihQ2mqs/edit,Manual Input,
Lumeris,"Software Engineer - Boston, MA",12/11/2025,https://docs.google.com/document/d/1EAvye5JCfZ6UdaR4NspC5xXvSjB5Nr9Z3P6lYqk0VVE/edit,Manual Input,
Lumeris,Software Engineer,12/11/2025,https://docs.google.com/document/d/1079gSKvGLESqsjC5scxhN0uW1CRRULHP8qDgjN5LcK8/edit,Manual Input,
Lumeris,"Software Engineer - Boston, MA",12/11/2025,https://docs.google.com/document/d/1YXyZ9Cko0EQfVjOVJCBow8Mznxo4pOvMdggVxk_Ca6Q/edit,Manual Input,
Grubhub,Senior Software Engineer,12/11/2025,https://docs.google.com/document/d/1MXvKO2p6JEu0cmUd8VNxQjitnbqvXohEbchFC7HXr30/edit,Manual Input,
Not specified,"Angular Developer – Java, Spring Boot, Microservices, Azure",12/11/2025,https://docs.google.com/document/d/19orSb7KK2qpyV5K_0xm_Pl7JkOdBIiFluhnmer6TKpY/edit,Manual Input,
Greenway Health,Associate Software Engineer,12/11/2025,https://docs.google.com/document/d/1RTuInfGWasQl2uNHPqC0SA1zHk6mrGJihpgTqqhNwhw/edit,Manual Input,
GE Healthcare,Senior Software Engineer,12/11/2025,https://docs.google.com/document/d/12ehf1Bs8B_pDdhfn5m0_YHkXI1N8RCmz0ZsOaM_stgo/edit,Manual Input,
Visa,Software Engineer,12/11/2025,https://docs.google.com/document/d/1gbBhvaDOZHsB80hEiBhyutu_f-MN6JmvrWj5sb9-4zA/edit,https://jobs.smartrecruiters.com/Visa/744000098168814-software-engineer?source=,
AspenTech,Software Developer,12/11/2025,https://docs.google.com/document/d/10jE6NdvWlLM-Usjd0ZBEn6hHxLC-P9Bo0WGhXlSdvDQ/edit,Manual Input,
"Open Systems International, Inc.",Software Developer,12/11/2025,https://docs.google.com/document/d/1mR1uFRKmOW0BnarIaehg8H5KqzArWhJ2qBGRg0MwcyE/edit,https://aspentech.wd5.myworkdayjobs.com/aspentech/job/Medina-Minnesota/Software-Developer_R8219?source=,
Not specified,Azure DevOps Architect,12/11/2025,https://docs.google.com/document/d/16zcOBhVMqN-taOxcICvjOMoilfaJ1zGkCfiMvCM4OgI/edit,Manual Input,
Genesis10,Sr. AI/Python Developer,12/11/2025,https://docs.google.com/document/d/1iHBGQbQmHa6T9fwYfwaMb7Xf9INJso0d6YJ9GiqnQwY/edit,Manual Input,
iHeartMedia,Backend Software Engineer,12/11/2025,https://docs.google.com/document/d/1s-B2lFjjUKGh6NcjcW0HbkYue3z72xDWQ2CRoR3METM/edit,Manual Input,
BlackRock,"Associate, Full Stack Engineer",12/11/2025,https://docs.google.com/document/d/1cao3-0mxkaf4R4eUwHBr0wRvGaGVtecoqHPt6tEXQbQ/edit,https://careers.blackrock.com/job/-/-/45831/85990379024?source=,
Mayo Clinic,Software Engineer - Remote,12/11/2025,https://docs.google.com/document/d/1LtVSwn_F2zn1-r_feKzxOO9mAxrM0A9SMWgtvPoGixg/edit,https://jobs.mayoclinic.org/job/rochester/software-engineer-remote/33647/89371263648,
Vertafore,Software Engineer II,12/11/2025,https://docs.google.com/document/d/1D4L6hyfdFl9iQNd-q-ArVLvdVRvIxYWmkiPp7N2RSU4/edit,https://recruit.hirebridge.com/v3/Jobs/JobDetails.aspx?cid=7743&jid=605230&source=,
KOHLS,Software Engineer (Android-Remote),12/11/2025,https://docs.google.com/document/d/1cz_EGDimBgPk4SEK2PWqtfiJPkA8kXzeMIPyKU9uxAU/edit,https://careers.kohls.com/job/KLHKUSR466398/Software-Engineer-Android-Remote?source=,
Open Text Inc.,Sr. Software Engineer,12/11/2025,https://docs.google.com/document/d/1Zbg4BcnsVGW_G0Hndi37m08EHdyPETitaBIj9zaKzWI/edit,https://careers.opentext.com/us/en/job/50365,
Open Text Inc.,Sr. Software Engineer,12/11/2025,https://docs.google.com/document/d/1GCiFVN_PTqi_H2VIObRXEzrsTUJWwUr2EgWufA7hHc4/edit,https://careers.opentext.com/us/en/job/50365,
Liberty Mutual Insurance,Software Engineer,12/11/2025,https://docs.google.com/document/d/1IackT9-hBeKEyBzOe3ab935W77gmJZwpt72uPfROn8A/edit,https://searchjobs.libertymutualgroup.com/careers/job/618505651939?microsite=libertymutual.com&domain=libertymutual.com&utm_source=Job+Board&utm_campaign=LinkedIn+Jobs&extcmp=bof-paid-text-lkin-aljb,
Verily,"Software Engineer III, Viewpoint",12/12/2025,https://docs.google.com/document/d/1EVbRXmIcXrxzTAYS87mI_HSkPCxQCm7QgdCcl1NHHPg/edit,Manual Input,
Motorola Solutions,Java Software Engineer,12/12/2025,https://docs.google.com/document/d/1DAOACStqhPpuHBQywQaVThYS-Nk-B4-Lc3oPGpJHCGc/edit,Manual Input,
Northwestern Mutual Life Insurance Company,Software Engineer,12/12/2025,https://docs.google.com/document/d/17H-SUAVNAg9Kcfh1ZWjnH6P4tksZW04FBeKPBSnfve4/edit,Manual Input,
Intuit,Software Engineer 1,12/12/2025,https://docs.google.com/document/d/1fg_AFiVBhPe49-_H1J33HPbl-pJSjoFTb2bSTohYyBk/edit,https://jobs.intuit.com/job/-/-/27595/89411491904?cid=pjob_li_click_us_swe-other-fy26_cn_text_job_int-tm&iis=pjob&iisn=li&p_sid=4tfUTyb&p_uid=W6oHWoz4qS&ss=paid&utm_campaign=&utm_content=pj_board&utm_medium=jobad&utm_source=linkedin+slots+%28intuit%29,
Enterprise Mobility,"Engineer 1, Software",12/12/2025,https://docs.google.com/document/d/1f0PhaxMXUqEUdVhQ5v7JK82ZdhXbyLIRZB0OTFwK0do/edit,https://www.enterprisemobility.com/en/careers/job.html/537452/st-louis/engineer-1-software?utm_source=&utm_medium=listing&utm_campaign=xml_feed_us&mcid=jobboard:45130921&gad_source=7&dclid=CILj0tvpt5EDFVOdYwYdBSsPDQ#overview,
Macquarie Group,"Software Engineer, Cloud and Analytics platform",12/12/2025,https://docs.google.com/document/d/1DhF5BL1B_sWJ-E7z5kE-zYaCFZva1n-5nKTpBb29OqA/edit,https://recruitment.macquarie.com/en_US/careers/JobDetail?jobId=19232&source=#,
Optum Services Inc.,Software Engineer,12/12/2025,https://docs.google.com/document/d/1HI_Pjic-LAF7iu4MHl4suAXfJp93WR4jefNitHUlMpw/edit,https://careers.unitedhealthgroup.com/job/22732045/software-engineer-2333294-eden-prairie-mn/?src=JB-22455&utm_source=&utm_medium=job_posting,
EMC,Senior Software Engineer,12/12/2025,https://docs.google.com/document/d/1507zPJa9FeiR1rRdSTY4Y-cH-DNvgharaaEkwborW0g/edit,https://emcins.wd5.myworkdayjobs.com/en-US/EMC_Careers/job/Remote-in-US/Senior-Software-Engineer_R6167?source=,
001 Prudential Ins Co of America,Senior Software Engineer,12/12/2025,https://docs.google.com/document/d/1KaElv8ejsHTnH5lsMzY_foc30E84h8t7UcJTsMy_Em4/edit,https://pru.wd5.myworkdayjobs.com/Careers/job/Newark-NJ-USA/Senior-Software-Engineer_R-122705-1?source=,
Lowes,Software Engineer- Java/Spring boot,12/12/2025,https://docs.google.com/document/d/149RF1EDp8mB_VWU5-n7TkoeY6m4EYqdZbkbdrd1BTqw/edit,https://talent.lowes.com/us/en/job/JR-02245571/Software-Engineer-Java-Spring-boot?utm_source=617,
Mayo Clinic,Software Engineer,12/12/2025,https://docs.google.com/document/d/1KwpZ0p_vAGoPf7f-icZhOH-HtHNJ7ePueAZk_tlfAyw/edit,https://jobs.mayoclinic.org/job/-/-/33647/89371263648,
Redfin Corporation,Software Developer II,12/12/2025,https://docs.google.com/document/d/1DloIw6HyxgmtxrvNGBLwiC9gOP2RylhoXjB9ytDh1II/edit,https://careers.redfin.com/us/en/job/REFREDUS58961EXTERNALENUS/Software-Developer-II?utm_source,
Prudential Ins Co of America,Software Engineer,12/12/2025,https://docs.google.com/document/d/1JA551uyDYGt04Bgd-EJomNyPhayBlaZpR9_OclesArk/edit,https://pru.wd5.myworkdayjobs.com/en-US/Careers/job/Newark-NJ-USA/Software-Engineer_R-122706-2?source,
BNY,"Senior Associate, Full-Stack Engineer",12/12/2025,https://docs.google.com/document/d/19YdbwjPkgvbRBo6zOjUqrgq99H7JFt4aPqnzjzNjLuw/edit,https://bnymellon.eightfold.ai/careers/job/38318774,
Real Chemistry,Full Stack AI Engineer,12/12/2025,https://docs.google.com/document/d/1ndCEig8fzqvPdkpjptqmOgLBaDSFs982iv38Z-te_4g/edit,https://job-boards.greenhouse.io/realchemistry/jobs/5029752008,
Ford,Software Engineer,12/12/2025,https://docs.google.com/document/d/1mnxlGt9uJv3-wuDozNs2U9-f57wFEyow9pOxoS0KxqE/edit,https://efds.fa.em5.oraclecloud.com/hcmUI/CandidateExperience/en/sites/CX_1/job/55947,
Chenega Corporation,Full Stack Developer,12/12/2025,https://docs.google.com/document/d/1zK0RRlh2ugnQrhodZZOyuWaztSVidDEIBnedG6HsuVI/edit,https://chenega.jibeapply.com/jobs/38589/job?utm_source,
"Siemens Industry, Inc.",Entry Software Development Engineer,12/12/2025,https://docs.google.com/document/d/1vxiI4YFbkz3iN7gqDqt6oZNLcHveRL-NJs8Jt7W57Ec/edit,https://jobs.siemens.com/en_US/externaljobs/JobDetail/487655,
American Express,Software Engineer lll - Java - Enterprise Communications Platform,12/12/2025,https://docs.google.com/document/d/1_R7k20rrHSm7aGz5mLFP6flid3b9URoZSVajU5CgcNo/edit,https://aexp.eightfold.ai/careers/job/39164734?hl=en&utm_source=test123,
MongoDB,"Software Engineer 3, Atlas Growth",12/12/2025,https://docs.google.com/document/d/1OVIHFJWl8pwNocYjQrAW-2bPAnZM-myL3eiCZOsmJ4k/edit,https://www.mongodb.com/careers/jobs/7460387?gh_src=8la3jkcr1us,
U.S. Bank National Association,"Sr. Software Engineer (Full-Stack: Java/SpringBoot, React, DevOps, Cloud)",12/12/2025,https://docs.google.com/document/d/1hsoA84Uv8YXfjIRw5RG23ODy1yST2-ZKRHER0P6j55A/edit,https://careers.usbank.com/global/en/job/UBNAGLOBAL20250028690EXTERNALENGLOBAL/Sr-Software-Engineer-Full-Stack-Java-SpringBoot-React-DevOps-Cloud,
BlackLine,Software Engineer,12/12/2025,https://docs.google.com/document/d/1GX0CK-SUQKTowjFxLlqN6YQWi2411yaJ6KkrOzXtD3o/edit,https://careers.blackline.com/careers-home/jobs/7045/job,
Akkodis,Developer,12/13/2025,https://docs.google.com/document/d/13rs6WTe-Lq-cOiM_oNbrZcea0Lyf_lN6m1nGAJ2sid8/edit,https://www.akkodis.com/en-us/careers/jobs/developer--waltham/us_en_6_971601_1607169,
1-800 Contacts,Backend Software Engineer l,12/15/2025,https://docs.google.com/document/d/1Cz1F48hvK2UOFcqXOOX3k_XJ5xHAplvl-FO4znGtc7k/edit,https://job-boards.greenhouse.io/1800contacts/jobs/7395534,
Uber,Software Engineer II - Membership,12/15/2025,https://docs.google.com/document/d/18__lvcPmFO2JX8PFtfM8k1sfEeEjctJh1fG0BThZe-I/edit,https://www.uber.com/global/en/careers/list/150143/?iis=job%20board%20-%20recruitment%20marketing&iisn=&jclickid=0b3d40d8-bd48-424d-8655-3d493ef7812b,
Walt Disney Animation Studios,Full-Stack Developer,12/15/2025,https://docs.google.com/document/d/17oE3UdxswRNIIeAMJPgKOGoJ_cS0f4Ikx2kMu7Bwz3A/edit,https://www.disneycareers.com/en/job/-/-/391/89448380832?source=,
Sherwin-Williams,Senior Java Application Developer,12/15/2025,https://docs.google.com/document/d/1U4q0XgjlP0LiyzoLElMk4nGAt649yBsz-gJTFeAAgwE/edit,https://ejhp.fa.us6.oraclecloud.com/hcmUI/CandidateExperience/en/sites/CX_2/job/2544477?utm_medium=jobshare,
Census,Software Engineer,12/15/2025,https://docs.google.com/document/d/1SZd4DvMVnNa7nzKSIIsIFeRTxFXbAKY_NAb8ni44mwQ/edit,https://www.fivetran.com/careers/job?gh_jid=7491691003&gh_src=f831fe1b3us,
Spotify,Backend Engineer,12/15/2025,https://docs.google.com/document/d/1nRTA1nSW99I-vyhgHK6EumbtttcJ3PCetjX3WUxUsL4/edit,https://jobs.lever.co/spotify/79fc1e54-c553-4858-b3a5-4fd3cf2d1ebc?lever-source=,
MCM,Associate Software Engineer,12/15/2025,https://docs.google.com/document/d/1xp-d-Kya2BlgCO82Kxpr6Rl_ukjN6bhmsiaglgLoe8k/edit,https://careers.encorecapital.com/en/job/-/-/29781/88622333024,
Attentive,"Software Engineer II, Developer Experience",12/15/2025,https://docs.google.com/document/d/1jaepv70b050e2uWo6IsFYDwS3bYIaqM_Fusvd6EKZPY/edit,https://jobs.lever.co/attentive/1052eaf1-838c-4d8a-a603-f5e9bbd1caec,
SSC - Swedish Space Corporation,Software Engineer – Backend (Java),12/15/2025,https://docs.google.com/document/d/1Yfd-qQbGCreQWaxHwhjpvCEzCTZChqJhknsco4LIPHI/edit,https://sscspace.com/career/job-opportunities/64b2e10c-2dba-45c5-85c1-689d98d1929c/,
Not specified,Senior Java Developer,12/15/2025,https://docs.google.com/document/d/1ZFSt0uREIfNldh1gsCCcABeOi90Oya2gDEowKZnYQa4/edit,https://www.dice.com/job-detail/f8ce79b2-7898-408f-8d52-8010a0183d0c,
"Idexcel, Inc",Web Java Software Engineer,12/15/2025,https://docs.google.com/document/d/1X6s0Fh1UfYJ71WW_nBw_iNiIU2Z_A_9mdC3iw3FOwys/edit,https://www.dice.com/job-detail/2b6b4586-7c84-4b22-9b5c-cc53bb2909cb,
Squarespace,Software Engineer - Java (Communications Platform),12/15/2025,https://docs.google.com/document/d/1KODLHiOCYZ11iBLAYokYbqHy3OV5EIj-hm2JR_6Mqfs/edit,https://www.squarespace.com/about/careers?gh_jid=6357343,
"Garmin International, Inc.",Java Software Engineer,12/15/2025,https://docs.google.com/document/d/1QZsUvTqsxCMJL92cucJlL5BflKvy6kNqr104-6mcHy8/edit,https://careers.garmin.com/jobs/16098,
Edward Jones,Java Engineer III - Core Digital Services,12/15/2025,https://docs.google.com/document/d/1cBlIT55Kq4DouoyivToDlBsRAg5j66fEIYv3MlIlsaY/edit,https://careers.edwardjones.com/job/22662742/java-engineer-iii-core-digital-services-tempe-az/?codes=JOB_BOARD_LINKEDIN_ORGANIC_FEED&utm_source=JOB_BOARD_LINKEDIN_ORGANIC_FEED&utm_campaign=CO&utm_medium=CO&utm_content=LinkedIn_Contract,
Mayo Clinic,Software Engineer,12/15/2025,https://docs.google.com/document/d/1xk5-Kx2QvJ4xRprsmxcKUOhc-nr3e2-hsrMERzSvYqU/edit,https://jobs.mayoclinic.org/job/-/-/33647/89419258304,
The RRS Group & Co.,"Backend Engineer, Early Career",12/15/2025,https://docs.google.com/document/d/1_BLI1BYHjamKvyWTvA9jcNknc47xcaGamw6JZR0AGII/edit,https://jobs.smartrecruiters.com/TheRRSGroupCo/744000098833985-backend-engineer-early-career,
Uneekor,[Not Provided],12/15/2025,https://docs.google.com/document/d/1YiiX5G3NPRKJqAWlnlc-mEoJuhSzxIeGLOMZ4BX1SZU/edit,https://uneekor.bamboohr.com/careers/119?gh_src=Handshake&iisn=Handshake&iis=Handshake&src=Handshake&source=Handshake&ref=Handshake&utm_medium=Handshake&referral=Handshake&utm_source=Handshake&__jvst=Handshake&__jvsd=Handshake&sourceDetails=Handshake&trid=Handshake&lever-source%5B%5D=Handshake&Source=Handshake&rb=Handshake&jobBoardSource=Handshake&channel=Handshake&rcid=Handshake,
Intuit,Software Engineer 1,12/15/2025,https://docs.google.com/document/d/1pQrBk0506Yx0IEcFHUCFNhksvygd57URSmvRqt2FH_A/edit,https://jobs.intuit.com/job/-/-/27595/89447203920,
Sight & Sound,Full Stack Developer,12/15/2025,https://docs.google.com/document/d/1yUr5rdK-JmZ8CXV1_rntEt5AeRlNZoWZxdRqYsurNV8/edit,https://recruiting.ultipro.com/SIG1006SSMIN/JobBoard/9bb15508-319c-4d06-b2d7-f627a1f34c79/OpportunityDetail?opportunityId=8f95569b-11eb-4288-87ba-261204982aaf&gh_src=Handshake&iisn=Handshake&iis=Handshake&src=Handshake&source=Handshake&ref=Handshake&utm_medium=Handshake&referral=Handshake&utm_source=Handshake&__jvst=Handshake&__jvsd=Handshake&sourceDetails=Handshake&trid=Handshake&lever-source%5B%5D=Handshake&Source=Handshake&rb=Handshake&jobBoardSource=Handshake&channel=Handshake&rcid=Handshake,
IXL Learning,"Senior Software Engineer, Frontend",12/15/2025,https://docs.google.com/document/d/1ZSe3FFCPpZHtcCZmI3UaMftXojKC1jME8WlQ_2aKq9Y/edit,https://www.ixl.com/company/careers?gh_jid=8338431002,
"Blue Origin Personnel, LLC",Software Engineer III,12/15/2025,https://docs.google.com/document/d/1bFO3SE3zngIgn8qLItuXUZD_aL851IWeGRkCLOrawqs/edit,https://blueorigin.wd5.myworkdayjobs.com/en-us/blueorigin/job/seattle-wa/software-engineer-iii_r57389,
Root Insurance,"Software Engineer II (Front End), Onboarding Experience",12/16/2025,https://docs.google.com/document/d/1_BK1iooP_cKqMdWWJ76fDsxzqzXP-wcUKCHlt8tOtJk/edit,https://ats.rippling.com/en-gb/joinroot/jobs/f476201b-01d9-4a65-87f2-f00f4e28447e?src=,
Verily Life Sciences LLC,Software Engineer - CIAM,12/16/2025,https://docs.google.com/document/d/1p9gAOBFk4yUwUuQGFYAQRA8AClxJiHYK20epq3EIblc/edit,https://verily.wd1.myworkdayjobs.com/verily_careers/job/mountain-view-california/software-engineer---ciam_req-619?source=,
Interactive Brokers,Senior Java Developer - Client Portal,12/16/2025,https://docs.google.com/document/d/1wG_aEvWNpH3oQXo96XdT2t_CndYTFT4_VXleAPVcmJY/edit,https://job-boards.greenhouse.io/ibkr/jobs/8299594002?source=,
Zoom,Software Development Engineer - Zoom AI API Suite,12/16/2025,https://docs.google.com/document/d/17KYF1aLNjdLHPEIfw0T1WeVOdFfEAFpPgHjytKzykts/edit,https://zoom.wd5.myworkdayjobs.com/zoom/job/seattle-wa/software-development-engineer---zoom-ai-api-suite_r17822-1?source=,
American Express,Software Engineer – Global Merchant Services Technology,12/16/2025,https://docs.google.com/document/d/1zJB6j0O_Jsow9XS9wuv4WDva9-NRZKua5OcSMquLU6A/edit,https://aexp.eightfold.ai/careers/job/39149087?hl=en&utm_source=&domain=aexp.com,
Visa,Software Engineer,12/16/2025,https://docs.google.com/document/d/11hBaQIRYDwSV8jrQvfivxv1L_ZLSqPsvi-xmgiEnQF8/edit,https://jobs.smartrecruiters.com/visa/744000099059264-software-engineer?source=,
Sage,Software Engineer,12/16/2025,https://docs.google.com/document/d/1h3-kX1D3Am9yqeNT5_Yqx_cKNnSLWAoB03WVxNNkN2g/edit,https://sagehr.my.salesforce-sites.com/careers/frecruit__applyjob?vacancyno=vn33626,
PNC,Software Engineer- Quality Engineer-Digital Payments,12/16/2025,https://docs.google.com/document/d/1qdIfM6-HpOhmxHJcbWXsHjb6_4sDYhg5vU-c7uSgX4E/edit,https://careers.pnc.com/global/en/job/PNC1GLOBALR206131/Software-Engineer-Quality-Engineer-Digital-Payments?utm_source=symphonytalentmpx&utm_medium=phenom-feeds,
American Airlines,"Engineer, IT Software",12/16/2025,https://docs.google.com/document/d/1WxGG4B6RHQJWF9q4GUd6n-uGSuuGGuLeTU4m8OdI0vw/edit,"https://jobs.aa.com/job/Dallas-Engineer,-IT-Software-TX-75201/82659-en_US/?feedId=409300&utm_source=&utm_campaign=&rx_source=&rx_paid=1",
Barclays,Full Stack Software Engineer,12/16/2025,https://docs.google.com/document/d/1GXnglDBdn4qOD049hyFNibE6hbaScS0zqCBSmSTgExg/edit,https://search.jobs.barclays/job/-/-/13015/89549615200?src=jb-12860,
DQQ Cohesity Inc.,Software Engineer,12/16/2025,https://docs.google.com/document/d/1Z0-n6oOMLmVnGGkYyJwTMC_mnL4YjcI4ppI5FNN_lM8/edit,https://cohesity.wd5.myworkdayjobs.com/cohesity_careers/job/santa-clara-ca---usa-office/software-engineer_r02200?source=,
MetLife,Software Engineer II,12/16/2025,https://docs.google.com/document/d/1OXc3oYiB6dprdyCCSQx8llx6mI_7WLhESX-yV6ojlWc/edit,https://www.metlifecareers.com/en_US/ml/JobDetail/Software-Engineer-II-Full-Stack/14433?&utm_source=&utm_medium=job_posting&utm_campaign=2016_media_gta&utm_content=&utm_term=,
StubHub,Software Engineer II - FinTech,12/16/2025,https://docs.google.com/document/d/1mzwxhftoh0xcrfgTdv2ELPpuM67fVODu07WgSJEOTUw/edit,https://job-boards.eu.greenhouse.io/stubhubinc/jobs/4729538101?gh_src=47e65a22teu,
GE HEALTHCARE,Software Engineer,12/16/2025,https://docs.google.com/document/d/1gmGFkQ_70mdsIod-4Nig94rnALOcHDTeA7QFSrcCIic/edit,https://careers.gehealthcare.com/global/en/job/GEVGHLGLOBALR4032953EXTERNALENGLOBAL/Software-Engineer?utm_source=&utm_medium=phenom-feeds,
0100 KeyBank National Association,Software Engineer,12/16/2025,https://docs.google.com/document/d/18oeNBVErHHWFMAYUq8YlFK1tEgsRElBXTck8zvrIsZY/edit,https://keybank.wd5.myworkdayjobs.com/External_Career_Site/job/Brooklyn-OH/Software-Engineer_R-36271?q=R-13386&source=,
Lululemon,Engineer II - Java,12/16/2025,https://docs.google.com/document/d/1cG4Zw_-9HN5HMRd6uf4zfWCIaJAAKj4GcULR1fDFspo/edit,https://careers.lululemon.com/en_US/careers/JobDetail/Engineer-II-Java/54540?source=&src=,
Kelly Mitchell,Java Developer III,12/16/2025,https://docs.google.com/document/d/1JS-HF3GuUvaRbMNzU60WXsWHZj9o66quJJ6ga_iRH54/edit,https://www.careers.kellymitchell.com/jobs/140186,
Accenture,JAVA Full Stack Application Support Engineer,12/16/2025,https://docs.google.com/document/d/1_LDzRFRmlQ2Qy2QAiujTx7luY_OPtBnGxAQpxt26ygw/edit,https://www.accenture.com/us-en/careers/jobdetails?id=R00301691_en&title=JAVA+Full+Stack+Application+Support+Engineer,
"Lowe's Home Centers, LLC",Software Engineer (Full Stack),12/16/2025,https://docs.google.com/document/d/1A7kjTTBCgAu1hQUTQYuTnT_UWZCNICEn_WgO7_KTOtE/edit,https://talent.lowes.com/us/en/job/JR-02296305/Software-Engineer-Full-Stack,
BlackRock,"Java Backend Engineer, Associate",12/16/2025,https://docs.google.com/document/d/1zGj9gXu365RonmnoMRaLdRoSRRT94Gne8ATvJz_I5ns/edit,https://careers.blackrock.com/job/new-york/java-backend-engineer-associate/45831/89559540816,
Akkodis,Java Developer,12/16/2025,https://docs.google.com/document/d/1gKmrbBr4na-0Wqqzm_1BtSwxq-efAMlEjE8btCINhMA/edit,https://www.akkodis.com/en-us/careers/jobs/java-developer-plano/us_en_6_971600_1575759,
Tech Innovators Inc.,Senior Software Engineer,12/16/2025,https://docs.google.com/document/d/1mKtuzj6ZdmvuV4I6TU_mwZSZcl2iiJM6jEBh-pzmKJw/edit,https://www.remotehunter.com/apply-with-ai/748cbcab-82ca-45ef-b3e6-b652bbbd9d60,
Jerry.ai,Software Engineer (entry),12/16/2025,https://docs.google.com/document/d/1NdpJre6lr-OmmS1GnlRcNvMZZIhFyYCAosJGjKENdfo/edit,https://jobs.ashbyhq.com/jerry.ai/fcf65235-533d-4db4-b9e3-95657145f018,
Numerator,Backend Engineer,12/16/2025,https://docs.google.com/document/d/1b7Hk3Dr_--dH1vNr9hwvIH9anECV5rDmtQvH_wYr6go/edit,https://recruit.hirebridge.com/v3/careercenter/v2/details.aspx?jid=606978&cid=7844&locvalue=10261026&bid=8&src=,
Twin Health,Senior Backend Engineer,12/16/2025,https://docs.google.com/document/d/1CFioAwQOV30WQoEeDeZ35XO4EcyjIDqRS1zIw23Szdg/edit,https://job-boards.greenhouse.io/twinhealth/jobs/5544067004,
Cisco,Software Development Engineer,12/16/2025,https://docs.google.com/document/d/19YTKbCff5R0oNA1CmMza5hYiEZkMj4MlZ4jT1UdvNaA/edit,https://careers.cisco.com/global/en/job/CISCISGLOBAL2004172EXTERNALENGLOBAL/Software-Development-Engineer,
PNC,Software Engineer Senior - AMG Advisor Experiences - Full Stack/Angular/Java/Spring,12/16/2025,https://docs.google.com/document/d/1hbqBucSBrd8f2Ey3TUkhpUNpao3-Y81GD2bKUwznXe0/edit,https://careers.pnc.com/global/en/job/PNC1GLOBALR206615/Software-Engineer-Senior-AMG-Advisor-Experiences-Full-Stack-Angular-Java-Spring,
HTC,Java FullStack Developer,12/16/2025,https://docs.google.com/document/d/1XMFJtHd8mZ082MM2lA0YGk-qxE6aw44uogmX3UZKtrU/edit,https://www.htcinc.com/job-detail/?jobcode=239430,
Walt Disney Animation Studios,Full-Stack Developer,12/16/2025,https://docs.google.com/document/d/1BZXfCVz7gSf2ONZIN8b8CBYieCrp9-bJbivWhRq0ADc/edit,https://www.disneycareers.com/en/job/-/-/391/89448380832,
Blue Yonder,Software Engineer I,12/16/2025,https://docs.google.com/document/d/1A5judt4qa7OIVrhRpQm_woAEhtuqdRPd1iLhLmiY40c/edit,https://careers.blueyonder.com/us/en/job/BYPBYXUS253496EXTERNALENUS/Software-Engineer-I,
Interactive Brokers,Senior Java Developer - Client Portal,12/16/2025,https://docs.google.com/document/d/1IP0m1zQkOju_ZJZPuqVnC9oEAgH1y_mKbyFdDIU4jmk/edit,https://job-boards.greenhouse.io/ibkr/jobs/8299594002,
Warner Bros. Discovery,Associate Software Engineer,12/17/2025,https://docs.google.com/document/d/1jDL17fv2CrfPp6AMJa5jacC4BFMXFtMzyjwJmfN_REQ/edit,https://careers.wbd.com/global/en/job/WAMEGLOBALR000101226EXTERNALENGLOBAL/Associate-Software-Engineer?utm_source=&utm_medium=phenom-feeds,
StubHub,Software Engineer II - Direct Issuance (Backend/Fullstack),12/17/2025,https://docs.google.com/document/d/1cxZoDmgRJ2oA_aqhfUcK8MdDMrvbjxV_TXXgnnp57Uk/edit,https://job-boards.eu.greenhouse.io/stubhubinc/jobs/4739147101?gh_src=47e65a22teu,
Mercedes-Benz Financial Services USA LLC,IT Software Developer,12/17/2025,https://docs.google.com/document/d/1e8C65F99MKnRpfmh4y2zCa1ZHEuolzm4XoSqg7cN8o4/edit,https://jobs.mercedes-benz.com/it-software-developer--193482-MER0003WF1,
Bayer Research and Development Services LLC,Sr. Software Engineer,12/17/2025,https://docs.google.com/document/d/1dTWnsrmTjDMMGtxRR-wyzzIUUw195Wyo204rgs7yoSs/edit,https://jobs.bayer.com/job/Chesterfield-Sr_-Software-Engineer-Miss/1276777701/?utm_source=&utm_medium=referrer,
Vertafore,Software Engineer II,12/17/2025,https://docs.google.com/document/d/1S0CW8GKpueQD6ScVHdzBYaK1k9tkFSw857acIYZwD5Y/edit,https://recruit.hirebridge.com/v3/Jobs/JobDetails.aspx?cid=7743&jid=606996&source=,
"Live Nation Worldwide, Inc.",Senior Software Engineer,12/17/2025,https://docs.google.com/document/d/1Lta1QSBk-jFGA2nSCIawLD2Jog1pQ7Swp-r3RioRyUs/edit,https://livenation.wd503.myworkdayjobs.com/en-US/TMExternalSite/job/Work-From-Home---Ohio/Lead-Software-Engineer_JR-77261-4?source=,
WGU Corporation,Software Engineer II,12/17/2025,https://docs.google.com/document/d/1MZXQN5g33NpgRrzEFgEVHAuiv6vMmO9ezbX7YyX_s58/edit,https://wgu.wd5.myworkdayjobs.com/External/job/Salt-Lake-City-Office/Software-Engineer-II_JR-023868?source=,
"The Mental Health Association of NYC, Inc. dba Vibrant Emotional Health",Software Engineer II,12/17/2025,https://docs.google.com/document/d/15jW_4qKH5BJZIYvIeJ5YMPh-C83hhbtRhg4Xl3m_OAQ/edit,https://vibrant.wd5.myworkdayjobs.com/VEH_EXTERNAL_CAREER_SITE/job/New-York-New-York/Software-Engineer-II_JR100031-1?source=,
Flowserve,Not provided,12/17/2025,https://docs.google.com/document/d/1HRSSQZSnqn922l42PvebMCKFysbVKNMTMVWpjDxz6Iw/edit,https://flowservecareers.com/irving-tx/ai-software-engineer/0E27AE66005F41B28ABB6CB67478F286/job/?vs=1606&utm_source=-DE&utm_medium=Social+Media&utm_campaign=,
Experis-US,Full Stack Developer,12/17/2025,https://docs.google.com/document/d/1-QwI0GaEICKL5LMzHExlaklrtnX4SoS6DPfpEmC4_Ec/edit,https://www.experis.com/en/job/381433/full-stack-developer,
CVS Health,Software Engineer - Generalist,12/17/2025,https://docs.google.com/document/d/1bzgHsPs_TD2Tj2FnDQWuTSC1uZtmEUo86YQnfFodo1Q/edit,https://jobs.cvshealth.com/us/en/job/CVSCHLUSR0774091EXTERNALENUS/Software-Engineer-Generalist,
"American Century Services, LLC",Software Engineer Specialist,12/17/2025,https://docs.google.com/document/d/1IAfnHS3s0a-DJGkgShOdyz1_D_5L7W6lwfFTsZH1uUo/edit,https://americancentury.wd5.myworkdayjobs.com/en-US/AmericanCenturyInvestments/job/Kansas-City-Missouri/Software-Engineer-Specialist_R0005520,
Not specified,Senior Java Developer,12/17/2025,https://docs.google.com/document/d/1V3TQR6CTTrpXDkJcWZQjraAVMZiqHB1XOah70l47rNk/edit,https://www.epam.com/careers/job-listings/job.epamgdo_bltwf8tonyax9qijcm0_en-us_Other_Georgia,
Lenovo,Kotlin/Java Developer,12/17/2025,https://docs.google.com/document/d/1ICV6tS7dTgB4gmSLtd8r-uXhrRp1V42-xfkRv4ArUpU/edit,https://jobs.lenovo.com/en_US/careers/JobDetail?jobId=73424#,
U.S. Bank National Association,"Full Stack Software Engineer 2 (.Net, React, Python)",12/17/2025,https://docs.google.com/document/d/1BSV8cuH6u-d8mTDPh3luXSwptb-ZracIlI-YzSV5UIc/edit,https://careers.usbank.com/global/en/job/UBNAGLOBAL20250028577EXTERNALENGLOBAL/Full-Stack-Software-Engineer-2-Net-React-Python,
Bayer AG,Sr. Software Engineer (Full Stack),12/17/2025,https://docs.google.com/document/d/1DylRbAh4JHYunon550HziVQOSimIitc-v9FJgjt941I/edit,https://jobs.bayer.com/job/Indianola-Sr_-Software-Engineer-%28Full-Stack%29-Penn/1276869501,
"Motorola Solutions, Inc.",Full Stack Engineer,12/17/2025,https://docs.google.com/document/d/1MdoGTBCqldQ6g0GnCM7uzrp2hoATjy_JYNq0O0bkI9Q/edit,https://motorolasolutions.wd5.myworkdayjobs.com/en-US/Careers/job/Chicago-IL/Full-Stack-Engineer_R59679,
"Chime Financial, Inc",Backend Engineer,12/17/2025,https://docs.google.com/document/d/1u4pctaXeg1IexMndSV_Pr4yhIkZquu3xsk0e5lmsmm8/edit,https://job-boards.greenhouse.io/chime/jobs/8342770002,
PNC,Software Engineer Sr - JAVA/Kafka/Microservices/Oracle,12/17/2025,https://docs.google.com/document/d/1AcQw2vz8NgIsYKZUeMgDIpRCynR7kFFsNOuDw9QKAJ4/edit,https://careers.pnc.com/global/en/job/R206629/Software-Engineer-Sr-JAVA-Kafka-Microservices-Oracle,
Capgemini,Java Developer,12/17/2025,https://docs.google.com/document/d/1ESc1evK2BQZZeL-fCbJWpaPgYFurSBzxTFAwgeVLZKo/edit,https://careers.capgemini.com/job/Dallas%2C-TX-Java-Developer-opportunity-in-Dallas%2C-TX-TX-75201/1272822401/?feedId=388933&utm_source,
Huntington,Full Stack Frameworks Engineer - Frameworks Team,12/17/2025,https://docs.google.com/document/d/1LFEDgG0cKkSgX5rbQ3_F7FWOXJ7QRlPZH2f3Jef9f5Y/edit,https://huntington-careers.com/search/jobdetails/full-stack-frameworks-engineer---frameworks-team/923f0d37-cd21-48ab-889d-d53e9e8529e7?utm_source,
New York Life,Senior Application Developer,12/17/2025,https://docs.google.com/document/d/1EH5-R2JP_SQ2AUazUXiAJXC_oJBgT8Qh5RcaBEicGIc/edit,https://careers.newyorklife.com/careers/job/38631369?microsite=newyorklife.com&domain=newyorklife.com,
Morgan Stanley,"Java Engineer III (Associate, P3)",12/18/2025,https://docs.google.com/document/d/1efcWNy6XMKRIYFHjmxzjKd4dQexXP7MYQcP4xXNGvFs/edit,https://morganstanley.eightfold.ai/careers/job/549794465330,
Apex Fintech Solutions,Software Engineer I (Java),12/18/2025,https://docs.google.com/document/d/1GUgJy3dQtGjrzVk_r_VJQcVmjVlGfsC1XYipoECRZYA/edit,https://careers.apexfintechsolutions.com/jobs/technology/austin-texas-united-states-of-america/software-engineer-i-java-/JR104034?utm_source=&amp&utm_medium=referral&utm_campaign=ongig-job-aggregators&group=1961&source=,
Fox Corporation,"Software Engineer, Data Products",12/18/2025,https://docs.google.com/document/d/1iSRtW6WgZ6WXK8Dw3iMOk1zGN6TedxG1PXuQzJbbhX4/edit,https://www.foxcareers.com/Search/JobDetail/R50030192?source=,
POSITION:,N/A,12/18/2025,https://docs.google.com/document/d/15y8TERKvdHY4_pSOHqVNGrRF2Nq2uiyk_InJYObXQLc/edit,https://careers.withwaymo.com/jobs/software-engineer-taas-tooling-mountain-view-california-united-states?gh_jid=7426754&gh_src=e2a2625d1us,
Waymo,"Software Engineer, TaaS Tooling",12/18/2025,https://docs.google.com/document/d/1_7aGomZxVc9UGTcLtVNu_JG8pmiEuEdv1Q8bJbxVtcA/edit,https://careers.withwaymo.com/jobs/software-engineer-taas-tooling-mountain-view-california-united-states?gh_jid=7426754&gh_src=e2a2625d1us,
StubHub,Software Engineer II - Fulfillment,12/18/2025,https://docs.google.com/document/d/1qrotvoPMQcMxsN5L9bXmE2uxUVMpsnSTMtPn-k8XuV0/edit,https://job-boards.eu.greenhouse.io/stubhubinc/jobs/4740072101?gh_src=47e65a22teu,
company,Software Engineer IV,12/18/2025,https://docs.google.com/document/d/1tGSZq3eqc1u5IngpFiqpH5rAzH6mLwIC-CqK-2U2OP8/edit,https://careers.excellusbcbs.com/us/en/job/JR102745/Software-Engineer-IV?source=,
Envestnet,Software Engineer II,12/18/2025,https://docs.google.com/document/d/1YE-_-VRMC-0nX751EDEblMo15drclJBEksngVy0-hto/edit,https://careers.envestnet.com/jobs/16941440-software-engineer-ii?__jvst=Job+Board&__jvsd=,
001 Prudential Ins Co of America,Software Engineer,12/18/2025,https://docs.google.com/document/d/1qI_VcnR9YjazcZ8uw67vJqy2JJTSIQIUV8qWx1xFRks/edit,https://pru.wd5.myworkdayjobs.com/Careers/job/Newark-NJ-USA/Software-Engineer_R-122752-1?source=,
111 ResMed SaaS Holdings Inc.,"Engineer II, Software Engineering",12/18/2025,https://docs.google.com/document/d/1aVPiHlFZpkH8CBIskA4f_N3UshnBqUc16M3niEp168s/edit,https://resmed.wd3.myworkdayjobs.com/ResMed_External_Careers/job/Peachtree-Corners-GA-United-States/Engineer-II--Software-Engineering_JR_047078-1?source=,
Applied Medical,Software Engineer - Web Developer (Full Stack),12/18/2025,https://docs.google.com/document/d/11mdE8djRr3N9y-JKiW-PadoZ8-Wh6PE8ZeqUxh5-NT0/edit,https://careers.appliedmedical.com/jobs/14168?lang=en-us&iis=&iisn=,
Barclays,Senior Full Stack Developer,12/18/2025,https://docs.google.com/document/d/1n2-2EfCFjiJOg-Si_rPVD2qpg3ukVowPigxOf3KiBQM/edit,https://search.jobs.barclays/job/-/-/13015/89634457024?src=JB-12860,
Nationwide,"Specialist, Software Engineer (Angular, Java)",12/18/2025,https://docs.google.com/document/d/1Q6ENwj_3DQI_sJZ2IVKisGx-h-otsItJFWQxUP3ppOg/edit,https://careers.nationwide.com/specialist-software-engineer-angular-java/job/DD2581591C54D3D0C0EB426BDC01A44F,
UnitedHealth Group,Software Engineer,12/18/2025,https://docs.google.com/document/d/1PKdmBJF-ON02cNTGopUqzGZS-ah3pCu___74UxXVrAM/edit,https://careers.unitedhealthgroup.com/job/22318644/software-engineer-san-antonio-tx/?src=JB-22455,
UWSTP University of Wisconsin Stevens Point,Software Engineer/Developer I,12/18/2025,https://docs.google.com/document/d/1jjdqtY2YJ3cQ8mTOVWGKglDW72L85BHV7cH66pu_INI/edit,https://wisconsin.wd1.myworkdayjobs.com/en-US/UW_Comprehensives/job/Stevens-Point-WI/Software-Engineer-Developer-I_JR10006923,
POSITION:,N/A,12/18/2025,https://docs.google.com/document/d/1AfXbj2IQEpHaZCHGkLRrm71SINzO_UnOi04SJ-vrnTE/edit,https://delta.avature.net/en_US/careers/JobDetail/Associate-Software-Development-Engineer/30862,
Nike,Software Engineer,12/18/2025,https://docs.google.com/document/d/19OS-_FmOtimYOGvP3vf2HfMGJf8J7n9UFfdT4RkGgG0/edit,https://careers.nike.com/software-engineer/job/R-76204,
"Zoom Communications, Inc.",Full Stack Developer (React/Node),12/18/2025,https://docs.google.com/document/d/17h3KxrA52xPWBhLlWjCU6cyEqzNih9ZZ88fBdVUaJpI/edit,https://zoom.wd5.myworkdayjobs.com/Zoom/job/Denver-CO/Full-Stack-Developer--React-Node-_R17960-1,
"HCC Service Company, Inc.",Full-Stack Developer,12/18/2025,https://docs.google.com/document/d/15LjGMGheLL-F_dLiIJK3lt3cWO7kDiswQq2Bb_bJ9Ak/edit,https://tmhcc.wd108.myworkdayjobs.com/External/job/Missouri---Columbia/Full-Stack-Developer_2025-1068,
UBS,Java Developer,12/18/2025,https://docs.google.com/document/d/1lGrRzzv8Qda1-xR4Ddzs7o0_RILzrvTTmf0CrvTJuK4/edit,https://jobs.ubs.com/TGNewUI/Search/Home/HomeWithPreLoad?partnerid=25008&siteid=5155&PageType=JobDetails&jobid=338235#jobDetails=338235_5155,
Lowe's,Software Engineer - Backend Java,12/18/2025,https://docs.google.com/document/d/1waEFGzPHJqtkcxC-hux5we4oiJp_D3r5RqUn_8LaqO4/edit,https://talent.lowes.com/us/en/job/JR-02275599/Software-Engineer-Backend-Java,
Labcorp,Software Engineer,12/18/2025,https://docs.google.com/document/d/1rzWutmHfWZ_pwSBBC5Wdep2qUbWTRXOR1GrTVUF457Y/edit,https://careers.labcorp.com/global/en/job/2541231,
Hope Media Group,Software Engineer,12/18/2025,https://docs.google.com/document/d/1R92AmK3HyMSaxq6HC20VGCDTZlNuAN9VEjs-Cu2_1c0/edit,https://recruiting.paylocity.com/recruiting/jobs/Details/3783873/Hope-Media-Group/Software-Engineer,
"AssetMark Financial Holdings, Inc.",Financial Calculations Developer,12/18/2025,https://docs.google.com/document/d/1T8mbUiz-Ix4AJkQJ3PcOrnbKdEycQ1_MauIDsK7HZug/edit,https://assetmark.wd5.myworkdayjobs.com/AssetMark_Careers/job/Austin-TX/Financial-Calculations-Developer_Req-003278?source,
"Synechron, Inc._USA Company",Java Developer -LexisNexis Bridger Insight & FircoSoft,12/18/2025,https://docs.google.com/document/d/1IIe0oECuOSX4th5vq5ok3KiXrOTusIDIxX3LDUwdoxQ/edit,https://synechron.wd1.myworkdayjobs.com/SynechronCareers/job/New-York-NY/Java-Developer--LexisNexis-Bridger-Insight---FircoSoft_JR1034563?source,
Capgemini,Java Backend Engineer,12/18/2025,https://docs.google.com/document/d/1a4Er40i0gmQmKyhgtyaYfHTN6imaWAGdjb933gc3jdw/edit,https://careers.capgemini.com/job/New-York-Java-Backend-Engineer/1266663101,
Optimum,Software Development Engineer II,12/18/2025,https://docs.google.com/document/d/135cEhUYFXVZXSRp57eYgLfJ9D6AeDz1CHtJTlZByExA/edit,https://www.alticeusacareers.com/job/Bethpage-Software-Development-Engineer-II-NY-11714/1315635700,
Randstad Digital,Java Developer,12/18/2025,https://docs.google.com/document/d/1sAUAdAOuG481hXRbkq0fJvlazJMJOHsrJKPgcN9xG_w/edit,https://www.randstadusa.com/jobs/4/1320041/java-developer_austin/,
Virtu Financial,Software Engineer - Trading Strategies (Java/C++),12/18/2025,https://docs.google.com/document/d/1j36n-uZQk7w-7M3YziEYW9BEG2TEhDHlUrk2nfW-cSE/edit,https://job-boards.greenhouse.io/virtu/jobs/8052776002,
Airwallex,"(Senior) Software Engineer, Backend - Scale",12/18/2025,https://docs.google.com/document/d/19hGw-31UqmaAMTlGSrskoyZdYITcJvfLCS7HgqffaAc/edit,https://jobs.ashbyhq.com/airwallex/bf63aa42-eef5-4c6e-83ed-1a48b338df20,
Toyota,Full Stack Developer,12/18/2025,https://docs.google.com/document/d/1bbQes64cJ3EfY129vtZHoyAZPlJLe50C-h456fh_Bq0/edit,https://directsource.magnitglobal.com/us/toyota/jobs/94937-full-stack-developer-plano-texas,
Goldman Sachs,"Corporate Treasury, Payments Platform, Software Engineering, Analyst",12/18/2025,https://docs.google.com/document/d/19jz5yw4W3Y-s_Gp0GLlsf3ZXVT3xeP_9H1GFBMpCjDE/edit,https://hdpc.fa.us2.oraclecloud.com/hcmUI/CandidateExperience/en/sites/LateralHiring/job/154464,
Goldman Sachs,"Corporate Treasury, Payments Platform, Software Engineering, Analyst",12/18/2025,https://docs.google.com/document/d/1EM1TaMT4UM8Cvv90PoUqMnMwH3oIlCMmj6mqjhOlf14/edit,https://hdpc.fa.us2.oraclecloud.com/hcmUI/CandidateExperience/en/sites/LateralHiring/job/154464,
Goldman Sachs,"Corporate Treasury, Payments Platform, Software Engineering, Analyst",12/18/2025,https://docs.google.com/document/d/18BVOzHME7q5_6v6lCLM6I4fxOlZtmwvaTWr2VU_EQD4/edit,https://hdpc.fa.us2.oraclecloud.com/hcmUI/CandidateExperience/en/sites/LateralHiring/job/154464,
AppLovin,Backend Engineer II,12/18/2025,https://docs.google.com/document/d/1-inWyE-ZBVc19_KhjiKkE_VWRsyyTugFfeTUEXCB99w/edit,https://job-boards.greenhouse.io/applovin/jobs/4375888006,
Visa,Software Engineer,12/18/2025,https://docs.google.com/document/d/1Bpr9IlhLRDf2UvHTvljzPuTxS3WQg4ZhAz8n7L2md_I/edit,https://jobs.smartrecruiters.com/Visa/744000099371638-software-engineer,
Superhuman,"Software Engineer, Full-Stack",12/18/2025,https://docs.google.com/document/d/16NQ3N2OWF6btDHbnL3fHLVCaxknWdW_8GwaxB300300/edit,https://job-boards.greenhouse.io/grammarly/jobs/7333571,
Envestnet,Software Engineer II,12/18/2025,https://docs.google.com/document/d/1M9e6YMlu00JtLRurgZZn5B4a44o9xpvqFpyxQOqu9rc/edit,https://careers.envestnet.com/jobs/16941440-software-engineer-ii,
WalkMe,Full Stack Developer - Analytics,12/18/2025,https://docs.google.com/document/d/1X2EqgMlBUQPselRQuFXeiaR8buw065My-Ef0-foVjaw/edit,https://jobs.lever.co/walkme/5e24caa3-a1b8-408f-8f98-8d78496d6421,
Spotify,Frontend Engineer - Podcast,12/18/2025,https://docs.google.com/document/d/1r8b-nFINP8Rlt-ZLtFWhVP0LkFs3vRGhao5r0tJ0Y0g/edit,https://jobs.lever.co/spotify/d5995186-f839-4558-a651-4ee325d20bee,
Foundation Services Applications,Senior Software Developer,12/18/2025,https://docs.google.com/document/d/1juFQ8fDFbE2YJLViVFH3eDPTLIJfAINMhTu7evuwe9I/edit,https://www.mathworks.com/company/jobs/opportunities/35673-senior-web-application-developer.html,
Uline,Senior Software Developer - Web,12/18/2025,https://docs.google.com/document/d/1cTESj3ro3nPn8qfRfBPa4kFiSggWOh643juAhR5-h2Q/edit,https://www.uline.jobs/JobDetails?jobid=R259994,
Oracle,Software Developer 3,12/18/2025,https://docs.google.com/document/d/19lmJbSKjUfUuhzkBYe5iaYv3Yuh6VbU5iD391KQAFBU/edit,https://eeho.fa.us2.oraclecloud.com/hcmUI/CandidateExperience/en/sites/jobsearch/job/319099,
Esker U.S,Software Developer,12/18/2025,https://docs.google.com/document/d/1PNRQL8ebwdz6nmHZ-bltGnhWD9otC312a3lmuNwfY9o/edit,https://eskerinc.teamtailor.com/jobs/6942714-software-developer,
1Password,Build Engineer,12/18/2025,https://docs.google.com/document/d/1TBYtQkPkwF_N-RrxYmBb1aLDWW7jKFZguV5KX99TzQQ/edit,https://jobs.ashbyhq.com/1password/f5203cfa-3112-4b71-b510-04b8f9cada2f,
Nira Energy,Software Engineer,12/18/2025,https://docs.google.com/document/d/1on6vEWA5I16td3KIqTcUzqVd0EnrBF4iJ5iVeCDc49w/edit,https://www.workatastartup.com/jobs/74158,
Freddie Mac,Software Engineer Associate,12/19/2025,https://docs.google.com/document/d/15mNAP5nlEkLXy-D3hP5cOrpDd_6pRb5PEREet04_9FQ/edit,https://careers.freddiemac.com/us/en/job/FRMAUSJR16516EXTERNAL/Software-Engineer-Associate,
Rockwell Automation,Software Engineer - Entry Level,12/19/2025,https://docs.google.com/document/d/15bHOxnXjKML36BIUOOuEpu2-XqwDJIYwcv5I5th7aZ8/edit,https://rockwellautomation.wd1.myworkdayjobs.com/en-GB/External_Rockwell_Automation/job/Milwaukee-Wisconsin-United-States/Software-Engineer---Entry-Level_R25-8544,
Henry Schein One LLC,Software Engineer I,12/19/2025,https://docs.google.com/document/d/15VMg0uZ7Bri3Zbp-YLaM-iuXbSjMNTG5-HZ9bhBAX0I/edit,https://henryschein.wd1.myworkdayjobs.com/en-GB/External_Careers/job/Iowa-United-States---Remote/Software-Engineer-I_R131335,
Labcorp,Software Engineer,12/19/2025,https://docs.google.com/document/d/1jYHC86g4A2VVkNgXVyl5U0oaw8YaygBBwdZw02H1JSU/edit,https://careers.labcorp.com/global/en/job/2541231,
CADENCE US,Software Engineer I,12/19/2025,https://docs.google.com/document/d/1URK_FdYMuEQFd729XTzeJFYbTHxvF-CsTK4l_Ek7UT0/edit,https://cadence.wd1.myworkdayjobs.com/External_Careers/job/SAN-JOSE/Software-Engineer-I_R52446-1,
Stripe,"Software Engineer, New Grad",12/19/2025,https://docs.google.com/document/d/1QRkQ83ZxxLIXHe3pT8Iy4znVDe6YJ6KDNzbKfXebCa8/edit,https://stripe.com/jobs/listing/software-engineer-new-grad/7210112,
"Q2 Software, Inc.",Software Engineer,12/19/2025,https://docs.google.com/document/d/1Q2SfiVn1LPKsa0KqqHNYjNKyucMntGTw_meza0ROiJ0/edit,https://q2ebanking.wd5.myworkdayjobs.com/Q2/job/Cary-North-Carolina/Software-Engineer_REQ-11939,
First Citizens Bank,Social Media Specialist,12/19/2025,https://docs.google.com/document/d/1tzY2uGDf6a44-mHHcNirKsit95lbTKzbYoOsQJldFJA/edit,https://external-firstcitizens.icims.com/jobs/29404/job?lang=en-us&iis=Social+Media%2FJob+Boards&iisn=Dice&mobile=false&width=1140&height=500&bga=true&needsRedirect=false&jan1offset=-360&jun1offset=-300,
AutoStore System Inc.,Back-end Software Engineer,12/19/2025,https://docs.google.com/document/d/19fmbKbPq7ok8SZ9sSqOhasnyeXckYaH_6kFQN6HsQyM/edit,https://autostore.wd3.myworkdayjobs.com/autostore/job/Salem-USA/Back-end--Software-Engineer_JR102313?source=LinkedIn,
State of Nebraska,Full-Stack Java Developer/Lead,12/19/2025,https://docs.google.com/document/d/1f27f-OSbLD7HIMuA3gIV2JEaf5NGjKNbt5skzNgSo5A/edit,https://son.wd108.myworkdayjobs.com/NebraskaStateCareers/job/Lincoln-NE/Full-Stack-Java-Developer-Lead_JR2025-00021692-1?source=LinkedIn,
DQQ Cohesity Inc.,Backend Software Engineer,12/19/2025,https://docs.google.com/document/d/1FUWOMUWSsz3d76VI9PoYHnt4Diop8aLPAfQajq4D-QI/edit,https://cohesity.wd5.myworkdayjobs.com/Cohesity_Careers/job/Santa-Clara-CA---USA-Office/Backend-Software-Engineer_R02212?source=LinkedIn,
Randstad Digital,Java Developer,12/19/2025,https://docs.google.com/document/d/12CH4GLlx2c-s-vJLi-e-spx3-xSWoTiI6YGfDie1KEs/edit,https://www.randstadusa.com/jobs/4/1320122/java-developer_austin/,
Snowflake,Fullstack Software Engineer - Product Experiences,12/19/2025,https://docs.google.com/document/d/1G1vZ5MJ45luHMWA-VBUbl5oFbYA51jw_R46upbEjR_w/edit,https://careers.snowflake.com/us/en/job/SNCOUSAD1534302339458586FEB7D4B2D4E21DEXTERNALENUSC592250A60414C40AA821D947E3494DA/Fullstack-Software-Engineer-Product-Experiences?utm_source=Q2P9NP2NNP&utm_medium=phenom-feeds&gh_src=ed5543a62,
DoorDash USA,"Software Engineer, Full Stack - Developer Console",12/19/2025,https://docs.google.com/document/d/1Y2zKFoV2TfOUawD6c4nQzTKDJde-yovqQwBJg06oyi8/edit,https://job-boards.greenhouse.io/doordashusa/jobs/7480892,
HSBC,Full Stack Engineer,12/19/2025,https://docs.google.com/document/d/1c-Wio1sesPGOFB9nYFr246FMCjmUSiN8XwIXRrbyy0k/edit,https://portal.careers.hsbc.com/careers?pid=563774607966329&domain=hsbc.com&utm_source=LinkedIn,
U.S. Bank National Association,Full-Stack Java / Springboot Developer,12/19/2025,https://docs.google.com/document/d/1niL3l6MqBRlBN2gGbX-f7K7pL1zsn09tYqQMfHqetmM/edit,https://careers.usbank.com/global/en/job/UBNAGLOBAL20250029473EXTERNALENGLOBAL/Full-Stack-Java-Springboot-Developer?utm_source=linkedin&utm_medium=phenom-feeds,
"DWAS Dorsey, Wright & Associates, LLC",Full Stack Software Developer,12/19/2025,https://docs.google.com/document/d/1msmp7lry0pyBnVtktThJWMqYLiNBBzwHjrgfl8sxydI/edit,https://nasdaq.wd1.myworkdayjobs.com/en-US/Global_External_Site/job/USA---Richmond---Virginia/Full-Stack-Software-Developer_R0024651?source,
Crate and Barrel,"Developer, Payments",12/19/2025,https://docs.google.com/document/d/10_YQccv04GL7Q4RUvWmvbYK3OpivqxGJVM0j4J9swU8/edit,https://jobs.crateandbarrel.com/job/-/-/351/89646819424?jobBoardId=1112,
McKesson Corporation,Software Engineer,12/19/2025,https://docs.google.com/document/d/1mlGEfcyOMSLm2KtCbHkTdjge_GM75w-030SYVjrxQ2U/edit,https://careers.mckesson.com/en/job/-/-/733/89633103456?source=rd,
Teradata,Software Engineer,12/19/2025,https://docs.google.com/document/d/10Yc1DzDwxW9B8Vbg4FvP18dZVugt3j2nuT1T1hI32mE/edit,https://careers.teradata.com/jobs/219658/software-engineer?rx_a=0&rx_c=&rx_ch=jobp4p&rx_group=116278&rx_id=af348345-dc3f-11f0-9025-07a2f3ad3533&rx_job=219658&rx_medium=cpc&rx_r=none&rx_source,
Siemens Corporation,Software Engineer,12/19/2025,https://docs.google.com/document/d/1dBioSYD-EeHhhgJ4hwl24fl20NMGzfNXu_Xsc-nzBr0/edit,https://jobs.siemens.com/en_US/externaljobs/JobDetail/489552?jobPipeline,
Caterpillar Inc.,Senior Software Engineer,12/19/2025,https://docs.google.com/document/d/1hRQILK4435PjstpahRdN1ODDrX2zMqz8Y-UhoMDjIA0/edit,https://careers.caterpillar.com/en/jobs/r0000341194/senior-software-engineer/?source=,
Palo Alto Networks,Sr Staff Software Engineer (Big Data),12/19/2025,https://docs.google.com/document/d/1QYT8Tgvwk2S1QnNkLvFZaZ3kMAMjzzKYxcftgheBYAs/edit,https://jobs.smartrecruiters.com/PaloAltoNetworks2/744000099667726-sr-staff-software-engineer-big-data-,
Ness Digital Engineering,Software Development Engineer in Test,12/19/2025,https://docs.google.com/document/d/10TVi1oC_QUmQOcTLy8L3yxNHk9dlq8j-OWTQZ0xyUIU/edit,https://jobs.jobvite.com/careers/ness/job/oSY5yfwd,
CGI,Senior UI Developer,12/19/2025,https://docs.google.com/document/d/1UDXZUkbd4FDITfdLOVimdK3PyD5o_XPp6H1HgoNrmFg/edit,https://clients.njoyn.com/corp/ex/JobBoards/jobboards_jobdetails.asp?bdid=1&brid=1257056&clid=021001&jid=j1225-1506&lgid=1&forcesbdid=22622&_ccid=1730693737899tlwq7ntm6&ittk=LU7VABMK4L,
Tesla,"Sr. Software Engineer, Tesla Shop, Digital Experience",12/19/2025,https://docs.google.com/document/d/1FjqWKPxCmrlQ5P06pvDnQxBeyX_yY9ZCcE7HeVp-YB8/edit,https://www.tesla.com/careers/search/job/258294,
"CoStar Realty Information, Inc.",Software Engineer II,12/19/2025,https://docs.google.com/document/d/14LxxgLb1MDvjfWueiDxLJdelrzJyjM4JnbAuU3Bl22o/edit,https://costar.wd1.myworkdayjobs.com/CoStarCareers/job/US-VA-Richmond/Software-Engineer-II_R38034,
Rapid7,Senior Software Engineer,12/19/2025,https://docs.google.com/document/d/1AsgK3ithZDc9efFiArlqSdcHF71LbVsR5XndMuMtuPY/edit,https://careers.rapid7.com/jobs/senior-software-engineer-tel-aviv-israel-ac7c67dd-3c33-49fc-aa0d-26b881032800?source=,
John Hancock Life Insurance Company (U.S.A.),Sr. Full Stack Software Engineer,12/19/2025,https://docs.google.com/document/d/1f7k6ZRrdu1c0u8-0Q9mkxsq4lJ88qCmxZ6S-Nbsrp5s/edit,https://manulife.wd3.myworkdayjobs.com/en-US/MFCJH_Jobs/job/Boston-Massachusetts/Sr-Full-Stack-Software-Engineer_JR25111140-1?source=,
Glean,"Software Engineer, Backend",12/19/2025,https://docs.google.com/document/d/1Qdr7bLk3LAmX0Hef3mw32xxuciMXtO7HcCuA6CU46KQ/edit,https://job-boards.greenhouse.io/gleanwork/jobs/4581643005,
Drexel University,Software Engineer I,12/19/2025,https://docs.google.com/document/d/1-819aC-Oz6w-pR4pbAQoMLmsiKzwr6SqB-uHgwzYkYY/edit,https://careers.drexel.edu/en-us/job/506116/software-engineer-i,
Honeywell Federal Manufacturing & Technologies (FM&T),Software Engineer II,12/19/2025,https://docs.google.com/document/d/1Qgsn0obaTwML1oV2FMCgpauJHwA5ilrFLKm_LnWYaIE/edit,https://career-hcm03.ns2cloud.com/career?career_ns=job_listing&company=KCPHCM03&career_job_req_id=3824,
POSITION:,N/A,12/19/2025,https://docs.google.com/document/d/1SE2cnj086UWsljS2biKbtsoJ9vNjF6QYfLjb2jjkQHY/edit,https://jobs.gem.com/retool/4526652005,
Spoonflower,Senior Backend Engineer,12/19/2025,https://docs.google.com/document/d/1Z6g3OalToD6G3gS89pXr6DuskuQQ5DN2Qbmof8CDQUE/edit,https://shutterflycareers.ttcportals.com/jobs/16914192-senior-software-engineer-i,
Vivid Seats,Sr. Full Stack Engineer,12/19/2025,https://docs.google.com/document/d/1UyANddeeiRJOuL6yVVMhI4Q7KcT9tDMF7V_onQoyDCM/edit,https://job-boards.greenhouse.io/vividseatsllc/jobs/4946639007,
Winsupply,Software Developer,12/19/2025,https://docs.google.com/document/d/1qyQ-p1wc6wOUOxs-_qd7Ni3TvQHhuOrPTgadzaMpbEw/edit,https://jobs.smartrecruiters.com/Winsupply1/3743990010190795-software-developer,
Major League Baseball,Machine Readable Files Access,12/19/2025,https://docs.google.com/document/d/1WWmQx-nbEFfaCDED1SeXD4FUrPVEQQU0CIIZQ9a6n4Q/edit,https://www.mlb.com/careers/opportunities?gh_jid=7476595,
Sift,Senior Software Engineer (Backend),12/19/2025,https://docs.google.com/document/d/1Me_kWEk5XF7BCTo8-ISWTepD5KpbM8PSwXf2F7hys4g/edit,https://careers.rocket.com/careers/r-080979/senior-software-engineer-backend/,
Korn Ferry,FullStack Engineer,12/20/2025,https://docs.google.com/document/d/1mMf01BluxZu7brUsBfsoD02uYNm2-rjFEA4EIPEUUNo/edit,https://www.dice.com/job-detail/6d9a47cc-f7c8-49a6-8abe-8085a5e0ee8c,
U.S. Bank,"Sr. Software Engineer (full-stack: React, Node.js, Java Script)",12/20/2025,https://docs.google.com/document/d/15OJy1cRt4q7faOXPk21NhqWSYEhe-lCHjTvcPGIgKDY/edit,https://www.dice.com/job-detail/0a3ef628-d20a-412f-95a3-f573f0438d50,